-- MySQL dump 10.13  Distrib 5.7.19, for Win64 (x86_64)
--
-- Host: localhost    Database: db_cppn
-- ------------------------------------------------------
-- Server version	5.7.19-log

/*!40101 SET @OLD_CHARACTER_SET_CLIENT=@@CHARACTER_SET_CLIENT */;
/*!40101 SET @OLD_CHARACTER_SET_RESULTS=@@CHARACTER_SET_RESULTS */;
/*!40101 SET @OLD_COLLATION_CONNECTION=@@COLLATION_CONNECTION */;
/*!40101 SET NAMES utf8 */;
/*!40103 SET @OLD_TIME_ZONE=@@TIME_ZONE */;
/*!40103 SET TIME_ZONE='+00:00' */;
/*!40014 SET @OLD_UNIQUE_CHECKS=@@UNIQUE_CHECKS, UNIQUE_CHECKS=0 */;
/*!40014 SET @OLD_FOREIGN_KEY_CHECKS=@@FOREIGN_KEY_CHECKS, FOREIGN_KEY_CHECKS=0 */;
/*!40101 SET @OLD_SQL_MODE=@@SQL_MODE, SQL_MODE='NO_AUTO_VALUE_ON_ZERO' */;
/*!40111 SET @OLD_SQL_NOTES=@@SQL_NOTES, SQL_NOTES=0 */;

--
-- Table structure for table `avaria`
--

DROP TABLE IF EXISTS `avaria`;
/*!40101 SET @saved_cs_client     = @@character_set_client */;
/*!40101 SET character_set_client = utf8 */;
CREATE TABLE `avaria` (
  `ID_avaria` int(11) NOT NULL AUTO_INCREMENT,
  `ID_datchik` int(11) NOT NULL,
  `Zamechena` tinyint(1) NOT NULL DEFAULT '0',
  `Ustranena` tinyint(1) NOT NULL DEFAULT '0',
  `ID_stepen` int(11) NOT NULL,
  `Primechanie` longtext,
  `DV_obnaruzhena` datetime NOT NULL,
  `DV_zamechena` datetime DEFAULT NULL,
  `DV_ustranena` datetime DEFAULT NULL,
  `Opisanie` longtext,
  PRIMARY KEY (`ID_avaria`)
) ENGINE=InnoDB AUTO_INCREMENT=746 DEFAULT CHARSET=utf8;
/*!40101 SET character_set_client = @saved_cs_client */;

--
-- Dumping data for table `avaria`
--

LOCK TABLES `avaria` WRITE;
/*!40000 ALTER TABLE `avaria` DISABLE KEYS */;
INSERT INTO `avaria` VALUES (736,1,0,0,0,'Работа программы была завершена до устранения аварии. Время завершения работы ПО: 21:46 31.05.2018','2018-04-29 17:21:51',NULL,NULL,'Значение больше допустимого.'),(737,1,0,0,0,'Работа программы была завершена до устранения аварии. Время завершения работы ПО: 21:46 31.05.2018','2018-04-29 17:22:18',NULL,NULL,'Значение больше допустимого.'),(738,1,0,0,0,'Работа программы была завершена до устранения аварии. Время завершения работы ПО: 21:46 31.05.2018','2018-04-29 17:25:36',NULL,NULL,'Значение больше допустимого.'),(739,1,0,0,0,'Работа программы была завершена до устранения аварии. Время завершения работы ПО: 21:46 31.05.2018','2018-04-29 17:29:27',NULL,NULL,'Значение больше допустимого.'),(740,1,0,0,0,'Работа программы была завершена до устранения аварии. Время завершения работы ПО: 21:46 31.05.2018','2018-04-29 17:30:58',NULL,NULL,'Значение больше допустимого.'),(741,1,0,0,0,'Работа программы была завершена до устранения аварии. Время завершения работы ПО: 21:46 31.05.2018','2018-04-29 17:36:16',NULL,NULL,'Значение больше допустимого.'),(742,1,0,0,0,'Работа программы была завершена до устранения аварии. Время завершения работы ПО: 21:46 31.05.2018','2018-04-29 17:41:45',NULL,NULL,'Значение больше допустимого.'),(743,1,0,0,0,'Работа программы была завершена до устранения аварии. Время завершения работы ПО: 21:46 31.05.2018','2018-04-29 17:46:04',NULL,NULL,'Значение больше допустимого.'),(744,1,0,0,0,'Работа программы была завершена до устранения аварии. Время завершения работы ПО: 21:46 31.05.2018','2018-04-29 17:48:20',NULL,NULL,'Значение больше допустимого.'),(745,1,0,0,0,'Работа программы была завершена до устранения аварии. Время завершения работы ПО: 21:46 31.05.2018','2018-05-13 13:15:44',NULL,NULL,'Значение больше допустимого.');
/*!40000 ALTER TABLE `avaria` ENABLE KEYS */;
UNLOCK TABLES;

--
-- Table structure for table `datchik`
--

DROP TABLE IF EXISTS `datchik`;
/*!40101 SET @saved_cs_client     = @@character_set_client */;
/*!40101 SET character_set_client = utf8 */;
CREATE TABLE `datchik` (
  `ID_datchik` int(11) NOT NULL AUTO_INCREMENT,
  `ID_object` int(11) NOT NULL,
  `Naimenovanie` varchar(256) NOT NULL,
  `Oboznachenie` varchar(64) NOT NULL,
  `Nomer` varchar(64) DEFAULT NULL,
  `MAX` float NOT NULL,
  `MIN` float NOT NULL,
  `ID_sostoianie` int(11) NOT NULL DEFAULT '0',
  `Primechanie` longtext,
  PRIMARY KEY (`ID_datchik`)
) ENGINE=InnoDB AUTO_INCREMENT=5 DEFAULT CHARSET=utf8;
/*!40101 SET character_set_client = @saved_cs_client */;

--
-- Dumping data for table `datchik`
--

LOCK TABLES `datchik` WRITE;
/*!40000 ALTER TABLE `datchik` DISABLE KEYS */;
INSERT INTO `datchik` VALUES (1,1,'Датчик температуры','ТНВХ','',60,40,0,NULL),(2,2,'Датчик температуры','ТС','',60,40,0,NULL),(3,1,'Датчик температуры','ТНВЫХ',NULL,60,40,0,NULL),(4,2,'Датчик давления','ДС',NULL,0.55,0.1,0,NULL);
/*!40000 ALTER TABLE `datchik` ENABLE KEYS */;
UNLOCK TABLES;

--
-- Table structure for table `model`
--

DROP TABLE IF EXISTS `model`;
/*!40101 SET @saved_cs_client     = @@character_set_client */;
/*!40101 SET character_set_client = utf8 */;
CREATE TABLE `model` (
  `ID_model` int(11) NOT NULL AUTO_INCREMENT,
  `ID_datchik` int(11) NOT NULL,
  `Mx` float NOT NULL,
  `Dx` float NOT NULL,
  `Pokazanie` float DEFAULT NULL,
  `Primechanie` longtext,
  `NomerEdit` int(11) DEFAULT '0',
  `Active` tinyint(1) DEFAULT '0',
  PRIMARY KEY (`ID_model`)
) ENGINE=InnoDB AUTO_INCREMENT=5 DEFAULT CHARSET=utf8;
/*!40101 SET character_set_client = @saved_cs_client */;

--
-- Dumping data for table `model`
--

LOCK TABLES `model` WRITE;
/*!40000 ALTER TABLE `model` DISABLE KEYS */;
INSERT INTO `model` VALUES (1,1,0,0.001,48.5982,NULL,1,1),(2,2,0,0.01,50.9074,NULL,3,1),(3,3,0,0.01,50.2473,NULL,2,1),(4,4,0,0.0001,0.2978,NULL,4,1);
/*!40000 ALTER TABLE `model` ENABLE KEYS */;
UNLOCK TABLES;

--
-- Table structure for table `object`
--

DROP TABLE IF EXISTS `object`;
/*!40101 SET @saved_cs_client     = @@character_set_client */;
/*!40101 SET character_set_client = utf8 */;
CREATE TABLE `object` (
  `ID_object` int(11) NOT NULL AUTO_INCREMENT,
  `Naimenovanie` varchar(256) NOT NULL,
  `Oboznachenie` varchar(64) NOT NULL,
  `Primechanie` longtext,
  PRIMARY KEY (`ID_object`)
) ENGINE=InnoDB AUTO_INCREMENT=3 DEFAULT CHARSET=utf8;
/*!40101 SET character_set_client = @saved_cs_client */;

--
-- Dumping data for table `object`
--

LOCK TABLES `object` WRITE;
/*!40000 ALTER TABLE `object` DISABLE KEYS */;
INSERT INTO `object` VALUES (1,'Нагреватель','Н 1,2',NULL),(2,'Сепаратор','С 1,2',NULL);
/*!40000 ALTER TABLE `object` ENABLE KEYS */;
UNLOCK TABLES;

--
-- Table structure for table `pokazanie`
--

DROP TABLE IF EXISTS `pokazanie`;
/*!40101 SET @saved_cs_client     = @@character_set_client */;
/*!40101 SET character_set_client = utf8 */;
CREATE TABLE `pokazanie` (
  `ID_pokazanie` bigint(20) NOT NULL,
  `ID_datchik` int(11) NOT NULL,
  `Pokazanie` float NOT NULL,
  `Datavremia` datetime NOT NULL,
  `Norma` tinyint(1) NOT NULL DEFAULT '1',
  `Primechanie` longtext,
  `ID_avaria` int(11) DEFAULT NULL,
  `Bolshe_MAX_na` float DEFAULT NULL,
  `Menshe_MIN_na` float DEFAULT NULL,
  PRIMARY KEY (`ID_pokazanie`)
) ENGINE=InnoDB DEFAULT CHARSET=utf8;
/*!40101 SET character_set_client = @saved_cs_client */;

--
-- Dumping data for table `pokazanie`
--

LOCK TABLES `pokazanie` WRITE;
/*!40000 ALTER TABLE `pokazanie` DISABLE KEYS */;
INSERT INTO `pokazanie` VALUES (1,1,49.9672,'2018-04-29 17:19:30',1,NULL,-1,0,0),(2,2,50.1606,'2018-04-29 17:19:30',1,NULL,-1,0,0),(3,3,50.2025,'2018-04-29 17:19:30',1,NULL,-1,0,0),(4,4,0.3015,'2018-04-29 17:19:30',1,NULL,-1,0,0),(5,1,49.9461,'2018-04-29 17:19:35',1,NULL,-1,0,0),(6,2,50.113,'2018-04-29 17:19:35',1,NULL,-1,0,0),(7,3,50.2326,'2018-04-29 17:19:35',1,NULL,-1,0,0),(8,4,0.3018,'2018-04-29 17:19:35',1,NULL,-1,0,0),(9,1,49.9478,'2018-04-29 17:19:40',1,NULL,-1,0,0),(10,2,50.1098,'2018-04-29 17:19:40',1,NULL,-1,0,0),(11,3,50.2061,'2018-04-29 17:19:40',1,NULL,-1,0,0),(12,4,0.3021,'2018-04-29 17:19:40',1,NULL,-1,0,0),(13,1,49.9319,'2018-04-29 17:19:45',1,NULL,-1,0,0),(14,2,50.1076,'2018-04-29 17:19:45',1,NULL,-1,0,0),(15,3,50.1991,'2018-04-29 17:19:45',1,NULL,-1,0,0),(16,4,0.3018,'2018-04-29 17:19:45',1,NULL,-1,0,0),(17,1,49.9043,'2018-04-29 17:19:50',1,NULL,-1,0,0),(18,2,50.1257,'2018-04-29 17:19:50',1,NULL,-1,0,0),(19,3,50.1976,'2018-04-29 17:19:50',1,NULL,-1,0,0),(20,4,0.3022,'2018-04-29 17:19:50',1,NULL,-1,0,0),(21,1,49.9103,'2018-04-29 17:19:55',1,NULL,-1,0,0),(22,2,50.141,'2018-04-29 17:19:55',1,NULL,-1,0,0),(23,3,50.1941,'2018-04-29 17:19:55',1,NULL,-1,0,0),(24,4,0.3022,'2018-04-29 17:19:55',1,NULL,-1,0,0),(25,1,49.9198,'2018-04-29 17:20:00',1,NULL,-1,0,0),(26,2,50.1407,'2018-04-29 17:20:00',1,NULL,-1,0,0),(27,3,50.1708,'2018-04-29 17:20:00',1,NULL,-1,0,0),(28,4,0.3022,'2018-04-29 17:20:00',1,NULL,-1,0,0),(29,1,49.9219,'2018-04-29 17:20:05',1,NULL,-1,0,0),(30,2,50.1611,'2018-04-29 17:20:05',1,NULL,-1,0,0),(31,3,50.2085,'2018-04-29 17:20:05',1,NULL,-1,0,0),(32,4,0.3022,'2018-04-29 17:20:05',1,NULL,-1,0,0),(33,1,49.8957,'2018-04-29 17:20:10',1,NULL,-1,0,0),(34,2,50.1607,'2018-04-29 17:20:10',1,NULL,-1,0,0),(35,3,50.2364,'2018-04-29 17:20:10',1,NULL,-1,0,0),(36,4,0.3024,'2018-04-29 17:20:10',1,NULL,-1,0,0),(37,1,49.8703,'2018-04-29 17:20:15',1,NULL,-1,0,0),(38,2,50.1591,'2018-04-29 17:20:15',1,NULL,-1,0,0),(39,3,50.2597,'2018-04-29 17:20:15',1,NULL,-1,0,0),(40,4,0.3021,'2018-04-29 17:20:16',1,NULL,-1,0,0),(41,1,49.8458,'2018-04-29 17:20:20',1,NULL,-1,0,0),(42,2,50.1537,'2018-04-29 17:20:21',1,NULL,-1,0,0),(43,3,50.2626,'2018-04-29 17:20:21',1,NULL,-1,0,0),(44,4,0.302,'2018-04-29 17:20:21',1,NULL,-1,0,0),(45,1,49.8409,'2018-04-29 17:20:25',1,NULL,-1,0,0),(46,2,50.1523,'2018-04-29 17:20:26',1,NULL,-1,0,0),(47,3,50.2666,'2018-04-29 17:20:26',1,NULL,-1,0,0),(48,4,0.302,'2018-04-29 17:20:26',1,NULL,-1,0,0),(49,1,49.8409,'2018-04-29 17:20:31',1,NULL,-1,0,0),(50,2,50.1523,'2018-04-29 17:20:31',1,NULL,-1,0,0),(51,3,50.2666,'2018-04-29 17:20:31',1,NULL,-1,0,0),(52,4,0.302,'2018-04-29 17:20:31',1,NULL,-1,0,0),(53,1,49.8409,'2018-04-29 17:20:36',1,NULL,-1,0,0),(54,2,50.1523,'2018-04-29 17:20:36',1,NULL,-1,0,0),(55,3,50.2666,'2018-04-29 17:20:36',1,NULL,-1,0,0),(56,4,0.302,'2018-04-29 17:20:36',1,NULL,-1,0,0),(57,1,49.8409,'2018-04-29 17:20:41',1,NULL,-1,0,0),(58,2,50.1523,'2018-04-29 17:20:41',1,NULL,-1,0,0),(59,3,50.2666,'2018-04-29 17:20:41',1,NULL,-1,0,0),(60,4,0.302,'2018-04-29 17:20:41',1,NULL,-1,0,0),(61,1,49.8288,'2018-04-29 17:20:46',1,NULL,-1,0,0),(62,2,50.1362,'2018-04-29 17:20:46',1,NULL,-1,0,0),(63,3,50.2713,'2018-04-29 17:20:46',1,NULL,-1,0,0),(64,4,0.3021,'2018-04-29 17:20:46',1,NULL,-1,0,0),(65,1,49.8311,'2018-04-29 17:20:51',1,NULL,-1,0,0),(66,2,50.1434,'2018-04-29 17:20:51',1,NULL,-1,0,0),(67,3,50.2694,'2018-04-29 17:20:51',1,NULL,-1,0,0),(68,4,0.3022,'2018-04-29 17:20:51',1,NULL,-1,0,0),(69,1,49.8737,'2018-04-29 17:20:56',1,NULL,-1,0,0),(70,2,50.1504,'2018-04-29 17:20:56',1,NULL,-1,0,0),(71,3,50.2675,'2018-04-29 17:20:56',1,NULL,-1,0,0),(72,4,0.3019,'2018-04-29 17:20:56',1,NULL,-1,0,0),(73,1,49.8987,'2018-04-29 17:21:01',1,NULL,-1,0,0),(74,2,50.1459,'2018-04-29 17:21:01',1,NULL,-1,0,0),(75,3,50.2454,'2018-04-29 17:21:01',1,NULL,-1,0,0),(76,4,0.3013,'2018-04-29 17:21:01',1,NULL,-1,0,0),(77,1,49.9566,'2018-04-29 17:21:06',1,NULL,-1,0,0),(78,2,50.1207,'2018-04-29 17:21:06',1,NULL,-1,0,0),(79,3,50.2635,'2018-04-29 17:21:06',1,NULL,-1,0,0),(80,4,0.3009,'2018-04-29 17:21:06',1,NULL,-1,0,0),(81,1,49.9581,'2018-04-29 17:21:11',1,NULL,-1,0,0),(82,2,50.1043,'2018-04-29 17:21:11',1,NULL,-1,0,0),(83,3,50.2375,'2018-04-29 17:21:11',1,NULL,-1,0,0),(84,4,0.3009,'2018-04-29 17:21:11',1,NULL,-1,0,0),(85,1,49.9528,'2018-04-29 17:21:16',1,NULL,-1,0,0),(86,2,50.0932,'2018-04-29 17:21:16',1,NULL,-1,0,0),(87,3,50.24,'2018-04-29 17:21:16',1,NULL,-1,0,0),(88,4,0.3009,'2018-04-29 17:21:16',1,NULL,-1,0,0),(89,1,49.9482,'2018-04-29 17:21:21',1,NULL,-1,0,0),(90,2,50.0878,'2018-04-29 17:21:21',1,NULL,-1,0,0),(91,3,50.197,'2018-04-29 17:21:21',1,NULL,-1,0,0),(92,4,0.3006,'2018-04-29 17:21:21',1,NULL,-1,0,0),(93,1,49.9687,'2018-04-29 17:21:26',1,NULL,-1,0,0),(94,2,50.0565,'2018-04-29 17:21:26',1,NULL,-1,0,0),(95,3,50.1855,'2018-04-29 17:21:26',1,NULL,-1,0,0),(96,4,0.3006,'2018-04-29 17:21:26',1,NULL,-1,0,0),(97,1,49.9406,'2018-04-29 17:21:31',1,NULL,-1,0,0),(98,2,50.0307,'2018-04-29 17:21:31',1,NULL,-1,0,0),(99,3,50.2031,'2018-04-29 17:21:31',1,NULL,-1,0,0),(100,4,0.3007,'2018-04-29 17:21:31',1,NULL,-1,0,0),(101,1,49.9317,'2018-04-29 17:21:36',1,NULL,-1,0,0),(102,2,50.0402,'2018-04-29 17:21:36',1,NULL,-1,0,0),(103,3,50.2096,'2018-04-29 17:21:36',1,NULL,-1,0,0),(104,4,0.3008,'2018-04-29 17:21:36',1,NULL,-1,0,0),(105,1,53.0678,'2018-04-29 17:21:41',1,NULL,-1,0,0),(106,2,50.0065,'2018-04-29 17:21:41',1,NULL,-1,0,0),(107,3,50.2017,'2018-04-29 17:21:41',1,NULL,-1,0,0),(108,4,0.3009,'2018-04-29 17:21:41',1,NULL,-1,0,0),(109,1,58.2701,'2018-04-29 17:21:46',1,NULL,-1,0,0),(110,2,49.9675,'2018-04-29 17:21:46',1,NULL,-1,0,0),(111,3,50.2001,'2018-04-29 17:21:46',1,NULL,-1,0,0),(112,4,0.3008,'2018-04-29 17:21:46',1,NULL,-1,0,0),(113,1,63.1484,'2018-04-29 17:21:51',0,NULL,736,3.1484,0),(114,2,49.9992,'2018-04-29 17:21:51',1,NULL,-1,0,0),(115,3,50.2235,'2018-04-29 17:21:51',1,NULL,-1,0,0),(116,4,0.3004,'2018-04-29 17:21:51',1,NULL,-1,0,0),(117,1,67.9861,'2018-04-29 17:21:56',0,NULL,736,7.9861,0),(118,2,50.0205,'2018-04-29 17:21:56',1,NULL,-1,0,0),(119,3,50.1896,'2018-04-29 17:21:56',1,NULL,-1,0,0),(120,4,0.3,'2018-04-29 17:21:56',1,NULL,-1,0,0),(121,1,73.0405,'2018-04-29 17:22:01',0,NULL,736,13.0405,0),(122,2,50.0193,'2018-04-29 17:22:01',1,NULL,-1,0,0),(123,3,50.2157,'2018-04-29 17:22:01',1,NULL,-1,0,0),(124,4,0.3001,'2018-04-29 17:22:01',1,NULL,-1,0,0),(125,1,78.3021,'2018-04-29 17:22:06',0,NULL,736,18.3021,0),(126,2,50.015,'2018-04-29 17:22:06',1,NULL,-1,0,0),(127,3,50.2329,'2018-04-29 17:22:06',1,NULL,-1,0,0),(128,4,0.2999,'2018-04-29 17:22:06',1,NULL,-1,0,0),(129,1,90.2297,'2018-04-29 17:22:18',0,NULL,737,30.2297,0),(130,2,49.9805,'2018-04-29 17:22:18',1,NULL,-1,0,0),(131,3,50.2122,'2018-04-29 17:22:18',1,NULL,-1,0,0),(132,4,0.3003,'2018-04-29 17:22:18',1,NULL,-1,0,0),(133,1,95.7392,'2018-04-29 17:22:23',0,NULL,737,35.7392,0),(134,2,49.988,'2018-04-29 17:22:23',1,NULL,-1,0,0),(135,3,50.1795,'2018-04-29 17:22:24',1,NULL,-1,0,0),(136,4,0.3002,'2018-04-29 17:22:24',1,NULL,-1,0,0),(137,1,100.365,'2018-04-29 17:22:28',0,NULL,737,40.365,0),(138,2,49.9917,'2018-04-29 17:22:29',1,NULL,-1,0,0),(139,3,50.1777,'2018-04-29 17:22:29',1,NULL,-1,0,0),(140,4,0.3,'2018-04-29 17:22:29',1,NULL,-1,0,0),(141,1,105.541,'2018-04-29 17:22:34',0,NULL,737,45.541,0),(142,2,49.9981,'2018-04-29 17:22:34',1,NULL,-1,0,0),(143,3,50.1802,'2018-04-29 17:22:34',1,NULL,-1,0,0),(144,4,0.3002,'2018-04-29 17:22:34',1,NULL,-1,0,0),(145,1,110.411,'2018-04-29 17:22:39',0,NULL,737,50.411,0),(146,2,49.9822,'2018-04-29 17:22:39',1,NULL,-1,0,0),(147,3,50.1651,'2018-04-29 17:22:39',1,NULL,-1,0,0),(148,4,0.3,'2018-04-29 17:22:39',1,NULL,-1,0,0),(149,1,115.255,'2018-04-29 17:22:44',0,NULL,737,55.255,0),(150,2,50.0016,'2018-04-29 17:22:44',1,NULL,-1,0,0),(151,3,50.1554,'2018-04-29 17:22:44',1,NULL,-1,0,0),(152,4,0.3001,'2018-04-29 17:22:44',1,NULL,-1,0,0),(153,1,120.058,'2018-04-29 17:22:49',0,NULL,737,60.058,0),(154,2,49.9744,'2018-04-29 17:22:49',1,NULL,-1,0,0),(155,3,50.1813,'2018-04-29 17:22:49',1,NULL,-1,0,0),(156,4,0.3001,'2018-04-29 17:22:49',1,NULL,-1,0,0),(157,1,124.985,'2018-04-29 17:22:54',0,NULL,737,64.985,0),(158,2,49.9776,'2018-04-29 17:22:54',1,NULL,-1,0,0),(159,3,50.191,'2018-04-29 17:22:54',1,NULL,-1,0,0),(160,4,0.2999,'2018-04-29 17:22:54',1,NULL,-1,0,0),(161,1,129.736,'2018-04-29 17:22:59',0,NULL,737,69.736,0),(162,2,49.9759,'2018-04-29 17:22:59',1,NULL,-1,0,0),(163,3,50.178,'2018-04-29 17:22:59',1,NULL,-1,0,0),(164,4,0.3,'2018-04-29 17:22:59',1,NULL,-1,0,0),(165,1,134.406,'2018-04-29 17:23:04',0,NULL,737,74.406,0),(166,2,49.9782,'2018-04-29 17:23:04',1,NULL,-1,0,0),(167,3,50.164,'2018-04-29 17:23:04',1,NULL,-1,0,0),(168,4,0.2999,'2018-04-29 17:23:04',1,NULL,-1,0,0),(169,1,139.289,'2018-04-29 17:23:09',0,NULL,737,79.289,0),(170,2,49.957,'2018-04-29 17:23:09',1,NULL,-1,0,0),(171,3,50.1312,'2018-04-29 17:23:09',1,NULL,-1,0,0),(172,4,0.2996,'2018-04-29 17:23:09',1,NULL,-1,0,0),(173,1,144.322,'2018-04-29 17:23:14',0,NULL,737,84.322,0),(174,2,49.9448,'2018-04-29 17:23:14',1,NULL,-1,0,0),(175,3,50.1622,'2018-04-29 17:23:14',1,NULL,-1,0,0),(176,4,0.2995,'2018-04-29 17:23:14',1,NULL,-1,0,0),(177,1,149.309,'2018-04-29 17:23:19',0,NULL,737,89.309,0),(178,2,49.9628,'2018-04-29 17:23:19',1,NULL,-1,0,0),(179,3,50.1235,'2018-04-29 17:23:19',1,NULL,-1,0,0),(180,4,0.2997,'2018-04-29 17:23:19',1,NULL,-1,0,0),(181,1,154.06,'2018-04-29 17:23:24',0,NULL,737,94.06,0),(182,2,49.9735,'2018-04-29 17:23:24',1,NULL,-1,0,0),(183,3,50.1301,'2018-04-29 17:23:24',1,NULL,-1,0,0),(184,4,0.2999,'2018-04-29 17:23:24',1,NULL,-1,0,0),(185,1,159.101,'2018-04-29 17:23:29',0,NULL,737,99.101,0),(186,2,49.9614,'2018-04-29 17:23:29',1,NULL,-1,0,0),(187,3,50.1625,'2018-04-29 17:23:29',1,NULL,-1,0,0),(188,4,0.3,'2018-04-29 17:23:29',1,NULL,-1,0,0),(189,1,164.515,'2018-04-29 17:23:34',0,NULL,737,104.515,0),(190,2,49.93,'2018-04-29 17:23:34',1,NULL,-1,0,0),(191,3,50.1785,'2018-04-29 17:23:34',1,NULL,-1,0,0),(192,4,0.3002,'2018-04-29 17:23:34',1,NULL,-1,0,0),(193,1,170.553,'2018-04-29 17:23:39',0,NULL,737,110.553,0),(194,2,49.8872,'2018-04-29 17:23:39',1,NULL,-1,0,0),(195,3,50.2005,'2018-04-29 17:23:39',1,NULL,-1,0,0),(196,4,0.3002,'2018-04-29 17:23:39',1,NULL,-1,0,0),(197,1,175.605,'2018-04-29 17:23:44',0,NULL,737,115.605,0),(198,2,49.8658,'2018-04-29 17:23:44',1,NULL,-1,0,0),(199,3,50.17,'2018-04-29 17:23:44',1,NULL,-1,0,0),(200,4,0.3002,'2018-04-29 17:23:44',1,NULL,-1,0,0),(201,1,180.75,'2018-04-29 17:23:49',0,NULL,737,120.75,0),(202,2,49.8597,'2018-04-29 17:23:49',1,NULL,-1,0,0),(203,3,50.1743,'2018-04-29 17:23:49',1,NULL,-1,0,0),(204,4,0.3,'2018-04-29 17:23:49',1,NULL,-1,0,0),(205,1,186.695,'2018-04-29 17:23:56',0,NULL,737,126.695,0),(206,2,49.8213,'2018-04-29 17:23:56',1,NULL,-1,0,0),(207,3,50.2048,'2018-04-29 17:23:56',1,NULL,-1,0,0),(208,4,0.3003,'2018-04-29 17:23:56',1,NULL,-1,0,0),(209,1,191.79,'2018-04-29 17:24:01',0,NULL,737,131.79,0),(210,2,49.8277,'2018-04-29 17:24:01',1,NULL,-1,0,0),(211,3,50.1681,'2018-04-29 17:24:01',1,NULL,-1,0,0),(212,4,0.3001,'2018-04-29 17:24:01',1,NULL,-1,0,0),(213,1,196.768,'2018-04-29 17:24:06',0,NULL,737,136.768,0),(214,2,49.8426,'2018-04-29 17:24:06',1,NULL,-1,0,0),(215,3,50.1604,'2018-04-29 17:24:06',1,NULL,-1,0,0),(216,4,0.3002,'2018-04-29 17:24:06',1,NULL,-1,0,0),(217,1,201.725,'2018-04-29 17:24:11',0,NULL,737,141.725,0),(218,2,49.8472,'2018-04-29 17:24:11',1,NULL,-1,0,0),(219,3,50.1611,'2018-04-29 17:24:11',1,NULL,-1,0,0),(220,4,0.3005,'2018-04-29 17:24:11',1,NULL,-1,0,0),(221,1,206.811,'2018-04-29 17:24:16',0,NULL,737,146.811,0),(222,2,49.8273,'2018-04-29 17:24:16',1,NULL,-1,0,0),(223,3,50.1997,'2018-04-29 17:24:16',1,NULL,-1,0,0),(224,4,0.3008,'2018-04-29 17:24:16',1,NULL,-1,0,0),(225,1,211.84,'2018-04-29 17:24:21',0,NULL,737,151.84,0),(226,2,49.8181,'2018-04-29 17:24:21',1,NULL,-1,0,0),(227,3,50.1797,'2018-04-29 17:24:21',1,NULL,-1,0,0),(228,4,0.3012,'2018-04-29 17:24:21',1,NULL,-1,0,0),(229,1,216.627,'2018-04-29 17:24:26',0,NULL,737,156.627,0),(230,2,49.8562,'2018-04-29 17:24:26',1,NULL,-1,0,0),(231,3,50.1954,'2018-04-29 17:24:26',1,NULL,-1,0,0),(232,4,0.3011,'2018-04-29 17:24:26',1,NULL,-1,0,0),(233,1,221.702,'2018-04-29 17:24:31',0,NULL,737,161.702,0),(234,2,49.8334,'2018-04-29 17:24:31',1,NULL,-1,0,0),(235,3,50.2165,'2018-04-29 17:24:31',1,NULL,-1,0,0),(236,4,0.3008,'2018-04-29 17:24:32',1,NULL,-1,0,0),(237,1,226.63,'2018-04-29 17:24:36',0,NULL,737,166.63,0),(238,2,49.8174,'2018-04-29 17:24:36',1,NULL,-1,0,0),(239,3,50.2357,'2018-04-29 17:24:37',1,NULL,-1,0,0),(240,4,0.3005,'2018-04-29 17:24:37',1,NULL,-1,0,0),(241,1,231.956,'2018-04-29 17:24:41',0,NULL,737,171.956,0),(242,2,49.8303,'2018-04-29 17:24:41',1,NULL,-1,0,0),(243,3,50.2292,'2018-04-29 17:24:42',1,NULL,-1,0,0),(244,4,0.3009,'2018-04-29 17:24:42',1,NULL,-1,0,0),(245,1,236.981,'2018-04-29 17:24:46',0,NULL,737,176.981,0),(246,2,49.8308,'2018-04-29 17:24:47',1,NULL,-1,0,0),(247,3,50.25,'2018-04-29 17:24:47',1,NULL,-1,0,0),(248,4,0.3011,'2018-04-29 17:24:47',1,NULL,-1,0,0),(249,1,241.845,'2018-04-29 17:24:52',0,NULL,737,181.845,0),(250,2,49.8053,'2018-04-29 17:24:52',1,NULL,-1,0,0),(251,3,50.2852,'2018-04-29 17:24:52',1,NULL,-1,0,0),(252,4,0.3012,'2018-04-29 17:24:52',1,NULL,-1,0,0),(253,1,247.183,'2018-04-29 17:24:57',0,NULL,737,187.183,0),(254,2,49.8042,'2018-04-29 17:24:57',1,NULL,-1,0,0),(255,3,50.2678,'2018-04-29 17:24:57',1,NULL,-1,0,0),(256,4,0.3011,'2018-04-29 17:24:57',1,NULL,-1,0,0),(257,1,252.098,'2018-04-29 17:25:02',0,NULL,737,192.098,0),(258,2,49.8636,'2018-04-29 17:25:02',1,NULL,-1,0,0),(259,3,50.2235,'2018-04-29 17:25:02',1,NULL,-1,0,0),(260,4,0.3007,'2018-04-29 17:25:02',1,NULL,-1,0,0),(261,1,285.612,'2018-04-29 17:25:36',0,NULL,738,225.612,0),(262,2,49.7672,'2018-04-29 17:25:36',1,NULL,-1,0,0),(263,3,50.2399,'2018-04-29 17:25:36',1,NULL,-1,0,0),(264,4,0.3019,'2018-04-29 17:25:36',1,NULL,-1,0,0),(265,1,290.939,'2018-04-29 17:25:41',0,NULL,738,230.939,0),(266,2,49.744,'2018-04-29 17:25:41',1,NULL,-1,0,0),(267,3,50.2386,'2018-04-29 17:25:41',1,NULL,-1,0,0),(268,4,0.3024,'2018-04-29 17:25:41',1,NULL,-1,0,0),(269,1,296.058,'2018-04-29 17:25:46',0,NULL,738,236.058,0),(270,2,49.7423,'2018-04-29 17:25:46',1,NULL,-1,0,0),(271,3,50.2434,'2018-04-29 17:25:46',1,NULL,-1,0,0),(272,4,0.3024,'2018-04-29 17:25:46',1,NULL,-1,0,0),(273,1,301.142,'2018-04-29 17:25:51',0,NULL,738,241.142,0),(274,2,49.7211,'2018-04-29 17:25:51',1,NULL,-1,0,0),(275,3,50.2329,'2018-04-29 17:25:51',1,NULL,-1,0,0),(276,4,0.3022,'2018-04-29 17:25:51',1,NULL,-1,0,0),(277,1,305.737,'2018-04-29 17:25:56',0,NULL,738,245.737,0),(278,2,49.7114,'2018-04-29 17:25:56',1,NULL,-1,0,0),(279,3,50.2189,'2018-04-29 17:25:56',1,NULL,-1,0,0),(280,4,0.3023,'2018-04-29 17:25:56',1,NULL,-1,0,0),(281,1,310.527,'2018-04-29 17:26:01',0,NULL,738,250.527,0),(282,2,49.7118,'2018-04-29 17:26:01',1,NULL,-1,0,0),(283,3,50.1905,'2018-04-29 17:26:01',1,NULL,-1,0,0),(284,4,0.3024,'2018-04-29 17:26:01',1,NULL,-1,0,0),(285,1,315.316,'2018-04-29 17:26:06',0,NULL,738,255.316,0),(286,2,49.7172,'2018-04-29 17:26:06',1,NULL,-1,0,0),(287,3,50.1953,'2018-04-29 17:26:06',1,NULL,-1,0,0),(288,4,0.3022,'2018-04-29 17:26:06',1,NULL,-1,0,0),(289,1,320.011,'2018-04-29 17:26:11',0,NULL,738,260.011,0),(290,2,49.7394,'2018-04-29 17:26:11',1,NULL,-1,0,0),(291,3,50.1539,'2018-04-29 17:26:11',1,NULL,-1,0,0),(292,4,0.3018,'2018-04-29 17:26:11',1,NULL,-1,0,0),(293,1,325.263,'2018-04-29 17:26:16',0,NULL,738,265.263,0),(294,2,49.7222,'2018-04-29 17:26:16',1,NULL,-1,0,0),(295,3,50.175,'2018-04-29 17:26:16',1,NULL,-1,0,0),(296,4,0.3017,'2018-04-29 17:26:16',1,NULL,-1,0,0),(297,1,330.133,'2018-04-29 17:26:21',0,NULL,738,270.133,0),(298,2,49.7542,'2018-04-29 17:26:21',1,NULL,-1,0,0),(299,3,50.1858,'2018-04-29 17:26:21',1,NULL,-1,0,0),(300,4,0.3017,'2018-04-29 17:26:21',1,NULL,-1,0,0),(301,1,340.859,'2018-04-29 17:26:32',0,NULL,738,280.859,0),(302,2,49.7865,'2018-04-29 17:26:32',1,NULL,-1,0,0),(303,3,50.2261,'2018-04-29 17:26:32',1,NULL,-1,0,0),(304,4,0.3011,'2018-04-29 17:26:32',1,NULL,-1,0,0),(305,1,345.955,'2018-04-29 17:26:37',0,NULL,738,285.955,0),(306,2,49.7989,'2018-04-29 17:26:37',1,NULL,-1,0,0),(307,3,50.1938,'2018-04-29 17:26:37',1,NULL,-1,0,0),(308,4,0.301,'2018-04-29 17:26:37',1,NULL,-1,0,0),(309,1,350.823,'2018-04-29 17:26:42',0,NULL,738,290.823,0),(310,2,49.8353,'2018-04-29 17:26:42',1,NULL,-1,0,0),(311,3,50.1775,'2018-04-29 17:26:42',1,NULL,-1,0,0),(312,4,0.3008,'2018-04-29 17:26:42',1,NULL,-1,0,0),(313,1,355.936,'2018-04-29 17:26:47',0,NULL,738,295.936,0),(314,2,49.8565,'2018-04-29 17:26:47',1,NULL,-1,0,0),(315,3,50.2197,'2018-04-29 17:26:47',1,NULL,-1,0,0),(316,4,0.3011,'2018-04-29 17:26:47',1,NULL,-1,0,0),(317,1,360.918,'2018-04-29 17:26:52',0,NULL,738,300.918,0),(318,2,49.8456,'2018-04-29 17:26:52',1,NULL,-1,0,0),(319,3,50.218,'2018-04-29 17:26:52',1,NULL,-1,0,0),(320,4,0.3017,'2018-04-29 17:26:52',1,NULL,-1,0,0),(321,1,365.895,'2018-04-29 17:26:57',0,NULL,738,305.895,0),(322,2,49.8257,'2018-04-29 17:26:57',1,NULL,-1,0,0),(323,3,50.2063,'2018-04-29 17:26:57',1,NULL,-1,0,0),(324,4,0.3017,'2018-04-29 17:26:57',1,NULL,-1,0,0),(325,1,371.183,'2018-04-29 17:27:02',0,NULL,738,311.183,0),(326,2,49.865,'2018-04-29 17:27:02',1,NULL,-1,0,0),(327,3,50.1527,'2018-04-29 17:27:02',1,NULL,-1,0,0),(328,4,0.3017,'2018-04-29 17:27:02',1,NULL,-1,0,0),(329,1,376.545,'2018-04-29 17:27:07',0,NULL,738,316.545,0),(330,2,49.8697,'2018-04-29 17:27:07',1,NULL,-1,0,0),(331,3,50.1716,'2018-04-29 17:27:07',1,NULL,-1,0,0),(332,4,0.3019,'2018-04-29 17:27:07',1,NULL,-1,0,0),(333,1,381.423,'2018-04-29 17:27:12',0,NULL,738,321.423,0),(334,2,49.8599,'2018-04-29 17:27:12',1,NULL,-1,0,0),(335,3,50.1724,'2018-04-29 17:27:12',1,NULL,-1,0,0),(336,4,0.302,'2018-04-29 17:27:12',1,NULL,-1,0,0),(337,1,386.374,'2018-04-29 17:27:17',0,NULL,738,326.374,0),(338,2,49.8114,'2018-04-29 17:27:17',1,NULL,-1,0,0),(339,3,50.1968,'2018-04-29 17:27:17',1,NULL,-1,0,0),(340,4,0.3021,'2018-04-29 17:27:17',1,NULL,-1,0,0),(341,1,390.696,'2018-04-29 17:27:22',0,NULL,738,330.696,0),(342,2,49.8077,'2018-04-29 17:27:22',1,NULL,-1,0,0),(343,3,50.1918,'2018-04-29 17:27:22',1,NULL,-1,0,0),(344,4,0.3019,'2018-04-29 17:27:22',1,NULL,-1,0,0),(345,1,391.704,'2018-04-29 17:27:27',0,NULL,738,331.704,0),(346,2,49.8124,'2018-04-29 17:27:27',1,NULL,-1,0,0),(347,3,50.1971,'2018-04-29 17:27:27',1,NULL,-1,0,0),(348,4,0.3019,'2018-04-29 17:27:27',1,NULL,-1,0,0),(349,1,391.704,'2018-04-29 17:27:32',0,NULL,738,331.704,0),(350,2,49.8124,'2018-04-29 17:27:32',1,NULL,-1,0,0),(351,3,50.1971,'2018-04-29 17:27:32',1,NULL,-1,0,0),(352,4,0.3019,'2018-04-29 17:27:32',1,NULL,-1,0,0),(353,1,391.704,'2018-04-29 17:27:37',0,NULL,738,331.704,0),(354,2,49.8124,'2018-04-29 17:27:37',1,NULL,-1,0,0),(355,3,50.1971,'2018-04-29 17:27:37',1,NULL,-1,0,0),(356,4,0.3019,'2018-04-29 17:27:38',1,NULL,-1,0,0),(357,1,391.704,'2018-04-29 17:27:42',0,NULL,738,331.704,0),(358,2,49.8124,'2018-04-29 17:27:42',1,NULL,-1,0,0),(359,3,50.1971,'2018-04-29 17:27:43',1,NULL,-1,0,0),(360,4,0.3019,'2018-04-29 17:27:43',1,NULL,-1,0,0),(361,1,391.704,'2018-04-29 17:27:47',0,NULL,738,331.704,0),(362,2,49.8124,'2018-04-29 17:27:47',1,NULL,-1,0,0),(363,3,50.1971,'2018-04-29 17:27:48',1,NULL,-1,0,0),(364,4,0.3019,'2018-04-29 17:27:48',1,NULL,-1,0,0),(365,1,391.704,'2018-04-29 17:27:52',0,NULL,738,331.704,0),(366,2,49.8124,'2018-04-29 17:27:53',1,NULL,-1,0,0),(367,3,50.1971,'2018-04-29 17:27:53',1,NULL,-1,0,0),(368,4,0.3019,'2018-04-29 17:27:53',1,NULL,-1,0,0),(369,1,391.704,'2018-04-29 17:27:57',0,NULL,738,331.704,0),(370,2,49.8124,'2018-04-29 17:27:58',1,NULL,-1,0,0),(371,3,50.1971,'2018-04-29 17:27:58',1,NULL,-1,0,0),(372,4,0.3019,'2018-04-29 17:27:58',1,NULL,-1,0,0),(373,1,391.704,'2018-04-29 17:28:03',0,NULL,738,331.704,0),(374,2,49.8124,'2018-04-29 17:28:03',1,NULL,-1,0,0),(375,3,50.1971,'2018-04-29 17:28:03',1,NULL,-1,0,0),(376,4,0.3019,'2018-04-29 17:28:03',1,NULL,-1,0,0),(377,1,391.704,'2018-04-29 17:28:08',0,NULL,738,331.704,0),(378,2,49.8124,'2018-04-29 17:28:08',1,NULL,-1,0,0),(379,3,50.1971,'2018-04-29 17:28:08',1,NULL,-1,0,0),(380,4,0.3019,'2018-04-29 17:28:08',1,NULL,-1,0,0),(381,1,391.704,'2018-04-29 17:28:13',0,NULL,738,331.704,0),(382,2,49.8124,'2018-04-29 17:28:13',1,NULL,-1,0,0),(383,3,50.1971,'2018-04-29 17:28:13',1,NULL,-1,0,0),(384,4,0.3019,'2018-04-29 17:28:13',1,NULL,-1,0,0),(385,1,391.704,'2018-04-29 17:28:18',0,NULL,738,331.704,0),(386,2,49.8124,'2018-04-29 17:28:18',1,NULL,-1,0,0),(387,3,50.1971,'2018-04-29 17:28:18',1,NULL,-1,0,0),(388,4,0.3019,'2018-04-29 17:28:18',1,NULL,-1,0,0),(389,1,391.704,'2018-04-29 17:28:23',0,NULL,738,331.704,0),(390,2,49.8124,'2018-04-29 17:28:23',1,NULL,-1,0,0),(391,3,50.1971,'2018-04-29 17:28:23',1,NULL,-1,0,0),(392,4,0.3019,'2018-04-29 17:28:23',1,NULL,-1,0,0),(393,1,391.704,'2018-04-29 17:28:28',0,NULL,738,331.704,0),(394,2,49.8124,'2018-04-29 17:28:28',1,NULL,-1,0,0),(395,3,50.1971,'2018-04-29 17:28:28',1,NULL,-1,0,0),(396,4,0.3019,'2018-04-29 17:28:28',1,NULL,-1,0,0),(397,1,391.704,'2018-04-29 17:28:33',0,NULL,738,331.704,0),(398,2,49.8124,'2018-04-29 17:28:33',1,NULL,-1,0,0),(399,3,50.1971,'2018-04-29 17:28:33',1,NULL,-1,0,0),(400,4,0.3019,'2018-04-29 17:28:33',1,NULL,-1,0,0),(401,1,391.704,'2018-04-29 17:28:46',0,NULL,738,331.704,0),(402,2,49.8124,'2018-04-29 17:28:46',1,NULL,-1,0,0),(403,3,50.1971,'2018-04-29 17:28:46',1,NULL,-1,0,0),(404,4,0.3019,'2018-04-29 17:28:46',1,NULL,-1,0,0),(405,1,391.704,'2018-04-29 17:28:51',0,NULL,738,331.704,0),(406,2,49.8124,'2018-04-29 17:28:51',1,NULL,-1,0,0),(407,3,50.1971,'2018-04-29 17:28:51',1,NULL,-1,0,0),(408,4,0.3019,'2018-04-29 17:28:51',1,NULL,-1,0,0),(409,1,391.704,'2018-04-29 17:28:56',0,NULL,738,331.704,0),(410,2,49.8124,'2018-04-29 17:28:56',1,NULL,-1,0,0),(411,3,50.1971,'2018-04-29 17:28:56',1,NULL,-1,0,0),(412,4,0.3019,'2018-04-29 17:28:56',1,NULL,-1,0,0),(413,1,391.704,'2018-04-29 17:29:01',0,NULL,738,331.704,0),(414,2,49.8124,'2018-04-29 17:29:01',1,NULL,-1,0,0),(415,3,50.1971,'2018-04-29 17:29:01',1,NULL,-1,0,0),(416,4,0.3019,'2018-04-29 17:29:01',1,NULL,-1,0,0),(417,1,391.704,'2018-04-29 17:29:06',0,NULL,738,331.704,0),(418,2,49.8124,'2018-04-29 17:29:06',1,NULL,-1,0,0),(419,3,50.1971,'2018-04-29 17:29:06',1,NULL,-1,0,0),(420,4,0.3019,'2018-04-29 17:29:06',1,NULL,-1,0,0),(421,1,391.704,'2018-04-29 17:29:11',0,NULL,738,331.704,0),(422,2,49.8124,'2018-04-29 17:29:11',1,NULL,-1,0,0),(423,3,50.1971,'2018-04-29 17:29:11',1,NULL,-1,0,0),(424,4,0.3019,'2018-04-29 17:29:11',1,NULL,-1,0,0),(425,1,391.704,'2018-04-29 17:29:16',0,NULL,738,331.704,0),(426,2,49.8124,'2018-04-29 17:29:16',1,NULL,-1,0,0),(427,3,50.1971,'2018-04-29 17:29:16',1,NULL,-1,0,0),(428,4,0.3019,'2018-04-29 17:29:17',1,NULL,-1,0,0),(429,1,391.704,'2018-04-29 17:29:27',0,NULL,739,331.704,0),(430,2,49.8124,'2018-04-29 17:29:27',1,NULL,-1,0,0),(431,3,50.1971,'2018-04-29 17:29:27',1,NULL,-1,0,0),(432,4,0.3019,'2018-04-29 17:29:27',1,NULL,-1,0,0),(433,1,391.704,'2018-04-29 17:29:32',0,NULL,739,331.704,0),(434,2,49.8124,'2018-04-29 17:29:32',1,NULL,-1,0,0),(435,3,50.1971,'2018-04-29 17:29:32',1,NULL,-1,0,0),(436,4,0.3019,'2018-04-29 17:29:32',1,NULL,-1,0,0),(437,1,391.704,'2018-04-29 17:29:37',0,NULL,739,331.704,0),(438,2,49.8124,'2018-04-29 17:29:37',1,NULL,-1,0,0),(439,3,50.1971,'2018-04-29 17:29:37',1,NULL,-1,0,0),(440,4,0.3019,'2018-04-29 17:29:37',1,NULL,-1,0,0),(441,1,391.704,'2018-04-29 17:29:42',0,NULL,739,331.704,0),(442,2,49.8124,'2018-04-29 17:29:43',1,NULL,-1,0,0),(443,3,50.1971,'2018-04-29 17:29:43',1,NULL,-1,0,0),(444,4,0.3019,'2018-04-29 17:29:43',1,NULL,-1,0,0),(445,1,391.704,'2018-04-29 17:29:48',0,NULL,739,331.704,0),(446,2,49.8124,'2018-04-29 17:29:48',1,NULL,-1,0,0),(447,3,50.1971,'2018-04-29 17:29:48',1,NULL,-1,0,0),(448,4,0.3019,'2018-04-29 17:29:48',1,NULL,-1,0,0),(449,1,391.704,'2018-04-29 17:29:53',0,NULL,739,331.704,0),(450,2,49.8124,'2018-04-29 17:29:53',1,NULL,-1,0,0),(451,3,50.1971,'2018-04-29 17:29:53',1,NULL,-1,0,0),(452,4,0.3019,'2018-04-29 17:29:53',1,NULL,-1,0,0),(453,1,391.704,'2018-04-29 17:29:58',0,NULL,739,331.704,0),(454,2,49.8124,'2018-04-29 17:29:58',1,NULL,-1,0,0),(455,3,50.1971,'2018-04-29 17:29:58',1,NULL,-1,0,0),(456,4,0.3019,'2018-04-29 17:29:58',1,NULL,-1,0,0),(457,1,391.704,'2018-04-29 17:30:10',0,NULL,739,331.704,0),(458,2,49.8124,'2018-04-29 17:30:10',1,NULL,-1,0,0),(459,3,50.1971,'2018-04-29 17:30:10',1,NULL,-1,0,0),(460,4,0.3019,'2018-04-29 17:30:10',1,NULL,-1,0,0),(461,1,391.704,'2018-04-29 17:30:15',0,NULL,739,331.704,0),(462,2,49.8124,'2018-04-29 17:30:15',1,NULL,-1,0,0),(463,3,50.1971,'2018-04-29 17:30:15',1,NULL,-1,0,0),(464,4,0.3019,'2018-04-29 17:30:15',1,NULL,-1,0,0),(465,1,391.704,'2018-04-29 17:30:20',0,NULL,739,331.704,0),(466,2,49.8124,'2018-04-29 17:30:20',1,NULL,-1,0,0),(467,3,50.1971,'2018-04-29 17:30:20',1,NULL,-1,0,0),(468,4,0.3019,'2018-04-29 17:30:20',1,NULL,-1,0,0),(469,1,391.704,'2018-04-29 17:30:25',0,NULL,739,331.704,0),(470,2,49.8124,'2018-04-29 17:30:25',1,NULL,-1,0,0),(471,3,50.1971,'2018-04-29 17:30:25',1,NULL,-1,0,0),(472,4,0.3019,'2018-04-29 17:30:26',1,NULL,-1,0,0),(473,1,391.704,'2018-04-29 17:30:30',0,NULL,739,331.704,0),(474,2,49.8124,'2018-04-29 17:30:30',1,NULL,-1,0,0),(475,3,50.1971,'2018-04-29 17:30:31',1,NULL,-1,0,0),(476,4,0.3019,'2018-04-29 17:30:31',1,NULL,-1,0,0),(477,1,391.704,'2018-04-29 17:30:58',0,NULL,740,331.704,0),(478,2,49.8124,'2018-04-29 17:30:58',1,NULL,-1,0,0),(479,3,50.1971,'2018-04-29 17:30:58',1,NULL,-1,0,0),(480,4,0.3019,'2018-04-29 17:30:58',1,NULL,-1,0,0),(481,1,391.704,'2018-04-29 17:31:03',0,NULL,740,331.704,0),(482,2,49.8124,'2018-04-29 17:31:03',1,NULL,-1,0,0),(483,3,50.1971,'2018-04-29 17:31:03',1,NULL,-1,0,0),(484,4,0.3019,'2018-04-29 17:31:03',1,NULL,-1,0,0),(485,1,391.704,'2018-04-29 17:31:08',0,NULL,740,331.704,0),(486,2,49.8124,'2018-04-29 17:31:08',1,NULL,-1,0,0),(487,3,50.1971,'2018-04-29 17:31:08',1,NULL,-1,0,0),(488,4,0.3019,'2018-04-29 17:31:08',1,NULL,-1,0,0),(489,1,391.704,'2018-04-29 17:31:13',0,NULL,740,331.704,0),(490,2,49.8124,'2018-04-29 17:31:13',1,NULL,-1,0,0),(491,3,50.1971,'2018-04-29 17:31:13',1,NULL,-1,0,0),(492,4,0.3019,'2018-04-29 17:31:13',1,NULL,-1,0,0),(493,1,391.704,'2018-04-29 17:31:18',0,NULL,740,331.704,0),(494,2,49.8124,'2018-04-29 17:31:18',1,NULL,-1,0,0),(495,3,50.1971,'2018-04-29 17:31:18',1,NULL,-1,0,0),(496,4,0.3019,'2018-04-29 17:31:18',1,NULL,-1,0,0),(497,1,391.704,'2018-04-29 17:31:23',0,NULL,740,331.704,0),(498,2,49.8124,'2018-04-29 17:31:23',1,NULL,-1,0,0),(499,3,50.1971,'2018-04-29 17:31:23',1,NULL,-1,0,0),(500,4,0.3019,'2018-04-29 17:31:23',1,NULL,-1,0,0),(501,1,391.704,'2018-04-29 17:31:35',0,NULL,740,331.704,0),(502,2,49.8124,'2018-04-29 17:31:35',1,NULL,-1,0,0),(503,3,50.1971,'2018-04-29 17:31:35',1,NULL,-1,0,0),(504,4,0.3019,'2018-04-29 17:31:35',1,NULL,-1,0,0),(505,1,391.704,'2018-04-29 17:31:40',0,NULL,740,331.704,0),(506,2,49.8124,'2018-04-29 17:31:40',1,NULL,-1,0,0),(507,3,50.1971,'2018-04-29 17:31:40',1,NULL,-1,0,0),(508,4,0.3019,'2018-04-29 17:31:40',1,NULL,-1,0,0),(509,1,391.704,'2018-04-29 17:31:45',0,NULL,740,331.704,0),(510,2,49.8124,'2018-04-29 17:31:45',1,NULL,-1,0,0),(511,3,50.1971,'2018-04-29 17:31:45',1,NULL,-1,0,0),(512,4,0.3019,'2018-04-29 17:31:45',1,NULL,-1,0,0),(513,1,391.704,'2018-04-29 17:31:50',0,NULL,740,331.704,0),(514,2,49.8124,'2018-04-29 17:31:50',1,NULL,-1,0,0),(515,3,50.1971,'2018-04-29 17:31:50',1,NULL,-1,0,0),(516,4,0.3019,'2018-04-29 17:31:50',1,NULL,-1,0,0),(517,1,391.704,'2018-04-29 17:31:55',0,NULL,740,331.704,0),(518,2,49.8124,'2018-04-29 17:31:55',1,NULL,-1,0,0),(519,3,50.1971,'2018-04-29 17:31:55',1,NULL,-1,0,0),(520,4,0.3019,'2018-04-29 17:31:55',1,NULL,-1,0,0),(521,1,391.704,'2018-04-29 17:32:00',0,NULL,740,331.704,0),(522,2,49.8124,'2018-04-29 17:32:00',1,NULL,-1,0,0),(523,3,50.1971,'2018-04-29 17:32:00',1,NULL,-1,0,0),(524,4,0.3019,'2018-04-29 17:32:00',1,NULL,-1,0,0),(525,1,391.704,'2018-04-29 17:32:05',0,NULL,740,331.704,0),(526,2,49.8124,'2018-04-29 17:32:05',1,NULL,-1,0,0),(527,3,50.1971,'2018-04-29 17:32:05',1,NULL,-1,0,0),(528,4,0.3019,'2018-04-29 17:32:05',1,NULL,-1,0,0),(529,1,391.704,'2018-04-29 17:32:10',0,NULL,740,331.704,0),(530,2,49.8124,'2018-04-29 17:32:10',1,NULL,-1,0,0),(531,3,50.1971,'2018-04-29 17:32:10',1,NULL,-1,0,0),(532,4,0.3019,'2018-04-29 17:32:10',1,NULL,-1,0,0),(533,1,391.704,'2018-04-29 17:32:15',0,NULL,740,331.704,0),(534,2,49.8124,'2018-04-29 17:32:15',1,NULL,-1,0,0),(535,3,50.1971,'2018-04-29 17:32:15',1,NULL,-1,0,0),(536,4,0.3019,'2018-04-29 17:32:15',1,NULL,-1,0,0),(537,1,391.704,'2018-04-29 17:32:20',0,NULL,740,331.704,0),(538,2,49.8124,'2018-04-29 17:32:20',1,NULL,-1,0,0),(539,3,50.1971,'2018-04-29 17:32:20',1,NULL,-1,0,0),(540,4,0.3019,'2018-04-29 17:32:20',1,NULL,-1,0,0),(541,1,391.704,'2018-04-29 17:32:25',0,NULL,740,331.704,0),(542,2,49.8124,'2018-04-29 17:32:25',1,NULL,-1,0,0),(543,3,50.1971,'2018-04-29 17:32:25',1,NULL,-1,0,0),(544,4,0.3019,'2018-04-29 17:32:26',1,NULL,-1,0,0),(545,1,391.704,'2018-04-29 17:32:30',0,NULL,740,331.704,0),(546,2,49.8124,'2018-04-29 17:32:30',1,NULL,-1,0,0),(547,3,50.1971,'2018-04-29 17:32:31',1,NULL,-1,0,0),(548,4,0.3019,'2018-04-29 17:32:31',1,NULL,-1,0,0),(549,1,391.704,'2018-04-29 17:32:35',0,NULL,740,331.704,0),(550,2,49.8124,'2018-04-29 17:32:36',1,NULL,-1,0,0),(551,3,50.1971,'2018-04-29 17:32:36',1,NULL,-1,0,0),(552,4,0.3019,'2018-04-29 17:32:36',1,NULL,-1,0,0),(553,1,391.704,'2018-04-29 17:32:41',0,NULL,740,331.704,0),(554,2,49.8124,'2018-04-29 17:32:41',1,NULL,-1,0,0),(555,3,50.1971,'2018-04-29 17:32:41',1,NULL,-1,0,0),(556,4,0.3019,'2018-04-29 17:32:41',1,NULL,-1,0,0),(557,1,391.704,'2018-04-29 17:32:46',0,NULL,740,331.704,0),(558,2,49.8124,'2018-04-29 17:32:46',1,NULL,-1,0,0),(559,3,50.1971,'2018-04-29 17:32:46',1,NULL,-1,0,0),(560,4,0.3019,'2018-04-29 17:32:46',1,NULL,-1,0,0),(561,1,391.704,'2018-04-29 17:32:51',0,NULL,740,331.704,0),(562,2,49.8124,'2018-04-29 17:32:51',1,NULL,-1,0,0),(563,3,50.1971,'2018-04-29 17:32:51',1,NULL,-1,0,0),(564,4,0.3019,'2018-04-29 17:32:51',1,NULL,-1,0,0),(565,1,391.704,'2018-04-29 17:32:56',0,NULL,740,331.704,0),(566,2,49.8124,'2018-04-29 17:32:56',1,NULL,-1,0,0),(567,3,50.1971,'2018-04-29 17:32:56',1,NULL,-1,0,0),(568,4,0.3019,'2018-04-29 17:32:56',1,NULL,-1,0,0),(569,1,391.704,'2018-04-29 17:33:01',0,NULL,740,331.704,0),(570,2,49.8124,'2018-04-29 17:33:01',1,NULL,-1,0,0),(571,3,50.1971,'2018-04-29 17:33:01',1,NULL,-1,0,0),(572,4,0.3019,'2018-04-29 17:33:01',1,NULL,-1,0,0),(573,1,391.704,'2018-04-29 17:33:06',0,NULL,740,331.704,0),(574,2,49.8124,'2018-04-29 17:33:06',1,NULL,-1,0,0),(575,3,50.1971,'2018-04-29 17:33:06',1,NULL,-1,0,0),(576,4,0.3019,'2018-04-29 17:33:06',1,NULL,-1,0,0),(577,1,391.704,'2018-04-29 17:33:11',0,NULL,740,331.704,0),(578,2,49.8124,'2018-04-29 17:33:11',1,NULL,-1,0,0),(579,3,50.1971,'2018-04-29 17:33:11',1,NULL,-1,0,0),(580,4,0.3019,'2018-04-29 17:33:11',1,NULL,-1,0,0),(581,1,391.704,'2018-04-29 17:33:16',0,NULL,740,331.704,0),(582,2,49.8124,'2018-04-29 17:33:16',1,NULL,-1,0,0),(583,3,50.1971,'2018-04-29 17:33:16',1,NULL,-1,0,0),(584,4,0.3019,'2018-04-29 17:33:16',1,NULL,-1,0,0),(585,1,391.704,'2018-04-29 17:33:21',0,NULL,740,331.704,0),(586,2,49.8124,'2018-04-29 17:33:21',1,NULL,-1,0,0),(587,3,50.1971,'2018-04-29 17:33:21',1,NULL,-1,0,0),(588,4,0.3019,'2018-04-29 17:33:21',1,NULL,-1,0,0),(589,1,391.704,'2018-04-29 17:33:26',0,NULL,740,331.704,0),(590,2,49.8124,'2018-04-29 17:33:26',1,NULL,-1,0,0),(591,3,50.1971,'2018-04-29 17:33:26',1,NULL,-1,0,0),(592,4,0.3019,'2018-04-29 17:33:26',1,NULL,-1,0,0),(593,1,391.704,'2018-04-29 17:33:31',0,NULL,740,331.704,0),(594,2,49.8124,'2018-04-29 17:33:31',1,NULL,-1,0,0),(595,3,50.1971,'2018-04-29 17:33:31',1,NULL,-1,0,0),(596,4,0.3019,'2018-04-29 17:33:31',1,NULL,-1,0,0),(597,1,391.704,'2018-04-29 17:33:36',0,NULL,740,331.704,0),(598,2,49.8124,'2018-04-29 17:33:36',1,NULL,-1,0,0),(599,3,50.1971,'2018-04-29 17:33:36',1,NULL,-1,0,0),(600,4,0.3019,'2018-04-29 17:33:36',1,NULL,-1,0,0),(601,1,391.704,'2018-04-29 17:33:41',0,NULL,740,331.704,0),(602,2,49.8124,'2018-04-29 17:33:41',1,NULL,-1,0,0),(603,3,50.1971,'2018-04-29 17:33:41',1,NULL,-1,0,0),(604,4,0.3019,'2018-04-29 17:33:41',1,NULL,-1,0,0),(605,1,391.704,'2018-04-29 17:33:46',0,NULL,740,331.704,0),(606,2,49.8124,'2018-04-29 17:33:46',1,NULL,-1,0,0),(607,3,50.1971,'2018-04-29 17:33:46',1,NULL,-1,0,0),(608,4,0.3019,'2018-04-29 17:33:46',1,NULL,-1,0,0),(609,1,391.704,'2018-04-29 17:33:51',0,NULL,740,331.704,0),(610,2,49.8124,'2018-04-29 17:33:51',1,NULL,-1,0,0),(611,3,50.1971,'2018-04-29 17:33:51',1,NULL,-1,0,0),(612,4,0.3019,'2018-04-29 17:33:51',1,NULL,-1,0,0),(613,1,391.704,'2018-04-29 17:33:56',0,NULL,740,331.704,0),(614,2,49.8124,'2018-04-29 17:33:56',1,NULL,-1,0,0),(615,3,50.1971,'2018-04-29 17:33:56',1,NULL,-1,0,0),(616,4,0.3019,'2018-04-29 17:33:56',1,NULL,-1,0,0),(617,1,391.704,'2018-04-29 17:34:01',0,NULL,740,331.704,0),(618,2,49.8124,'2018-04-29 17:34:01',1,NULL,-1,0,0),(619,3,50.1971,'2018-04-29 17:34:01',1,NULL,-1,0,0),(620,4,0.3019,'2018-04-29 17:34:01',1,NULL,-1,0,0),(621,1,391.704,'2018-04-29 17:34:06',0,NULL,740,331.704,0),(622,2,49.8124,'2018-04-29 17:34:06',1,NULL,-1,0,0),(623,3,50.1971,'2018-04-29 17:34:06',1,NULL,-1,0,0),(624,4,0.3019,'2018-04-29 17:34:06',1,NULL,-1,0,0),(625,1,391.704,'2018-04-29 17:34:11',0,NULL,740,331.704,0),(626,2,49.8124,'2018-04-29 17:34:11',1,NULL,-1,0,0),(627,3,50.1971,'2018-04-29 17:34:11',1,NULL,-1,0,0),(628,4,0.3019,'2018-04-29 17:34:11',1,NULL,-1,0,0),(629,1,391.704,'2018-04-29 17:34:16',0,NULL,740,331.704,0),(630,2,49.8124,'2018-04-29 17:34:16',1,NULL,-1,0,0),(631,3,50.1971,'2018-04-29 17:34:16',1,NULL,-1,0,0),(632,4,0.3019,'2018-04-29 17:34:16',1,NULL,-1,0,0),(633,1,391.704,'2018-04-29 17:34:21',0,NULL,740,331.704,0),(634,2,49.8124,'2018-04-29 17:34:21',1,NULL,-1,0,0),(635,3,50.1971,'2018-04-29 17:34:22',1,NULL,-1,0,0),(636,4,0.3019,'2018-04-29 17:34:22',1,NULL,-1,0,0),(637,1,391.704,'2018-04-29 17:34:26',0,NULL,740,331.704,0),(638,2,49.8124,'2018-04-29 17:34:27',1,NULL,-1,0,0),(639,3,50.1971,'2018-04-29 17:34:27',1,NULL,-1,0,0),(640,4,0.3019,'2018-04-29 17:34:27',1,NULL,-1,0,0),(641,1,391.704,'2018-04-29 17:34:32',0,NULL,740,331.704,0),(642,2,49.8124,'2018-04-29 17:34:32',1,NULL,-1,0,0),(643,3,50.1971,'2018-04-29 17:34:32',1,NULL,-1,0,0),(644,4,0.3019,'2018-04-29 17:34:32',1,NULL,-1,0,0),(645,1,391.704,'2018-04-29 17:34:37',0,NULL,740,331.704,0),(646,2,49.8124,'2018-04-29 17:34:37',1,NULL,-1,0,0),(647,3,50.1971,'2018-04-29 17:34:37',1,NULL,-1,0,0),(648,4,0.3019,'2018-04-29 17:34:37',1,NULL,-1,0,0),(649,1,391.704,'2018-04-29 17:34:42',0,NULL,740,331.704,0),(650,2,49.8124,'2018-04-29 17:34:42',1,NULL,-1,0,0),(651,3,50.1971,'2018-04-29 17:34:42',1,NULL,-1,0,0),(652,4,0.3019,'2018-04-29 17:34:42',1,NULL,-1,0,0),(653,1,391.704,'2018-04-29 17:34:47',0,NULL,740,331.704,0),(654,2,49.8124,'2018-04-29 17:34:47',1,NULL,-1,0,0),(655,3,50.1971,'2018-04-29 17:34:47',1,NULL,-1,0,0),(656,4,0.3019,'2018-04-29 17:34:47',1,NULL,-1,0,0),(657,1,391.704,'2018-04-29 17:35:06',0,NULL,740,331.704,0),(658,2,49.8124,'2018-04-29 17:35:06',1,NULL,-1,0,0),(659,3,50.1971,'2018-04-29 17:35:06',1,NULL,-1,0,0),(660,4,0.3019,'2018-04-29 17:35:06',1,NULL,-1,0,0),(661,1,391.704,'2018-04-29 17:35:11',0,NULL,740,331.704,0),(662,2,49.8124,'2018-04-29 17:35:11',1,NULL,-1,0,0),(663,3,50.1971,'2018-04-29 17:35:11',1,NULL,-1,0,0),(664,4,0.3019,'2018-04-29 17:35:11',1,NULL,-1,0,0),(665,1,391.704,'2018-04-29 17:35:16',0,NULL,740,331.704,0),(666,2,49.8124,'2018-04-29 17:35:16',1,NULL,-1,0,0),(667,3,50.1971,'2018-04-29 17:35:16',1,NULL,-1,0,0),(668,4,0.3019,'2018-04-29 17:35:16',1,NULL,-1,0,0),(669,1,391.704,'2018-04-29 17:35:21',0,NULL,740,331.704,0),(670,2,49.8124,'2018-04-29 17:35:21',1,NULL,-1,0,0),(671,3,50.1971,'2018-04-29 17:35:21',1,NULL,-1,0,0),(672,4,0.3019,'2018-04-29 17:35:21',1,NULL,-1,0,0),(673,1,391.704,'2018-04-29 17:35:26',0,NULL,740,331.704,0),(674,2,49.8124,'2018-04-29 17:35:26',1,NULL,-1,0,0),(675,3,50.1971,'2018-04-29 17:35:26',1,NULL,-1,0,0),(676,4,0.3019,'2018-04-29 17:35:26',1,NULL,-1,0,0),(677,1,391.704,'2018-04-29 17:35:31',0,NULL,740,331.704,0),(678,2,49.8124,'2018-04-29 17:35:31',1,NULL,-1,0,0),(679,3,50.1971,'2018-04-29 17:35:31',1,NULL,-1,0,0),(680,4,0.3019,'2018-04-29 17:35:31',1,NULL,-1,0,0),(681,1,391.704,'2018-04-29 17:36:16',0,NULL,741,331.704,0),(682,2,49.8124,'2018-04-29 17:36:16',1,NULL,-1,0,0),(683,3,50.1971,'2018-04-29 17:36:16',1,NULL,-1,0,0),(684,4,0.3019,'2018-04-29 17:36:16',1,NULL,-1,0,0),(685,1,391.704,'2018-04-29 17:36:21',0,NULL,741,331.704,0),(686,2,49.8124,'2018-04-29 17:36:21',1,NULL,-1,0,0),(687,3,50.1971,'2018-04-29 17:36:21',1,NULL,-1,0,0),(688,4,0.3019,'2018-04-29 17:36:21',1,NULL,-1,0,0),(689,1,391.704,'2018-04-29 17:36:26',0,NULL,741,331.704,0),(690,2,49.8124,'2018-04-29 17:36:26',1,NULL,-1,0,0),(691,3,50.1971,'2018-04-29 17:36:26',1,NULL,-1,0,0),(692,4,0.3019,'2018-04-29 17:36:26',1,NULL,-1,0,0),(693,1,391.704,'2018-04-29 17:36:31',0,NULL,741,331.704,0),(694,2,49.8124,'2018-04-29 17:36:31',1,NULL,-1,0,0),(695,3,50.1971,'2018-04-29 17:36:31',1,NULL,-1,0,0),(696,4,0.3019,'2018-04-29 17:36:31',1,NULL,-1,0,0),(697,1,391.704,'2018-04-29 17:36:36',0,NULL,741,331.704,0),(698,2,49.8124,'2018-04-29 17:36:36',1,NULL,-1,0,0),(699,3,50.1971,'2018-04-29 17:36:36',1,NULL,-1,0,0),(700,4,0.3019,'2018-04-29 17:36:36',1,NULL,-1,0,0),(701,1,391.704,'2018-04-29 17:36:41',0,NULL,741,331.704,0),(702,2,49.8124,'2018-04-29 17:36:41',1,NULL,-1,0,0),(703,3,50.1971,'2018-04-29 17:36:41',1,NULL,-1,0,0),(704,4,0.3019,'2018-04-29 17:36:42',1,NULL,-1,0,0),(705,1,391.704,'2018-04-29 17:36:47',0,NULL,741,331.704,0),(706,2,49.8124,'2018-04-29 17:36:47',1,NULL,-1,0,0),(707,3,50.1971,'2018-04-29 17:36:47',1,NULL,-1,0,0),(708,4,0.3019,'2018-04-29 17:36:47',1,NULL,-1,0,0),(709,1,391.704,'2018-04-29 17:36:52',0,NULL,741,331.704,0),(710,2,49.8124,'2018-04-29 17:36:52',1,NULL,-1,0,0),(711,3,50.1971,'2018-04-29 17:36:52',1,NULL,-1,0,0),(712,4,0.3019,'2018-04-29 17:36:52',1,NULL,-1,0,0),(713,1,391.704,'2018-04-29 17:36:57',0,NULL,741,331.704,0),(714,2,49.8124,'2018-04-29 17:36:57',1,NULL,-1,0,0),(715,3,50.1971,'2018-04-29 17:36:57',1,NULL,-1,0,0),(716,4,0.3019,'2018-04-29 17:36:57',1,NULL,-1,0,0),(717,1,391.704,'2018-04-29 17:37:02',0,NULL,741,331.704,0),(718,2,49.8124,'2018-04-29 17:37:02',1,NULL,-1,0,0),(719,3,50.1971,'2018-04-29 17:37:02',1,NULL,-1,0,0),(720,4,0.3019,'2018-04-29 17:37:02',1,NULL,-1,0,0),(721,1,391.704,'2018-04-29 17:37:07',0,NULL,741,331.704,0),(722,2,49.8124,'2018-04-29 17:37:07',1,NULL,-1,0,0),(723,3,50.1971,'2018-04-29 17:37:07',1,NULL,-1,0,0),(724,4,0.3019,'2018-04-29 17:37:07',1,NULL,-1,0,0),(725,1,391.704,'2018-04-29 17:37:12',0,NULL,741,331.704,0),(726,2,49.8124,'2018-04-29 17:37:12',1,NULL,-1,0,0),(727,3,50.1971,'2018-04-29 17:37:12',1,NULL,-1,0,0),(728,4,0.3019,'2018-04-29 17:37:12',1,NULL,-1,0,0),(729,1,391.704,'2018-04-29 17:37:17',0,NULL,741,331.704,0),(730,2,49.8124,'2018-04-29 17:37:17',1,NULL,-1,0,0),(731,3,50.1971,'2018-04-29 17:37:17',1,NULL,-1,0,0),(732,4,0.3019,'2018-04-29 17:37:17',1,NULL,-1,0,0),(733,1,391.704,'2018-04-29 17:37:22',0,NULL,741,331.704,0),(734,2,49.8124,'2018-04-29 17:37:22',1,NULL,-1,0,0),(735,3,50.1971,'2018-04-29 17:37:22',1,NULL,-1,0,0),(736,4,0.3019,'2018-04-29 17:37:22',1,NULL,-1,0,0),(737,1,391.704,'2018-04-29 17:41:45',0,NULL,742,331.704,0),(738,2,49.8124,'2018-04-29 17:41:45',1,NULL,-1,0,0),(739,3,50.1971,'2018-04-29 17:41:45',1,NULL,-1,0,0),(740,4,0.3019,'2018-04-29 17:41:45',1,NULL,-1,0,0),(741,1,391.704,'2018-04-29 17:41:50',0,NULL,742,331.704,0),(742,2,49.8124,'2018-04-29 17:41:50',1,NULL,-1,0,0),(743,3,50.1971,'2018-04-29 17:41:50',1,NULL,-1,0,0),(744,4,0.3019,'2018-04-29 17:41:50',1,NULL,-1,0,0),(745,1,391.704,'2018-04-29 17:41:55',0,NULL,742,331.704,0),(746,2,49.8124,'2018-04-29 17:41:55',1,NULL,-1,0,0),(747,3,50.1971,'2018-04-29 17:41:55',1,NULL,-1,0,0),(748,4,0.3019,'2018-04-29 17:41:56',1,NULL,-1,0,0),(749,1,391.704,'2018-04-29 17:42:00',0,NULL,742,331.704,0),(750,2,49.8124,'2018-04-29 17:42:01',1,NULL,-1,0,0),(751,3,50.1971,'2018-04-29 17:42:01',1,NULL,-1,0,0),(752,4,0.3019,'2018-04-29 17:42:01',1,NULL,-1,0,0),(753,1,391.704,'2018-04-29 17:42:07',0,NULL,742,331.704,0),(754,2,49.8124,'2018-04-29 17:42:07',1,NULL,-1,0,0),(755,3,50.1971,'2018-04-29 17:42:07',1,NULL,-1,0,0),(756,4,0.3019,'2018-04-29 17:42:07',1,NULL,-1,0,0),(757,1,391.704,'2018-04-29 17:42:12',0,NULL,742,331.704,0),(758,2,49.8124,'2018-04-29 17:42:12',1,NULL,-1,0,0),(759,3,50.1971,'2018-04-29 17:42:12',1,NULL,-1,0,0),(760,4,0.3019,'2018-04-29 17:42:12',1,NULL,-1,0,0),(761,1,391.704,'2018-04-29 17:42:17',0,NULL,742,331.704,0),(762,2,49.8124,'2018-04-29 17:42:17',1,NULL,-1,0,0),(763,3,50.1971,'2018-04-29 17:42:17',1,NULL,-1,0,0),(764,4,0.3019,'2018-04-29 17:42:17',1,NULL,-1,0,0),(765,1,391.704,'2018-04-29 17:46:04',0,NULL,743,331.704,0),(766,2,49.8124,'2018-04-29 17:46:04',1,NULL,-1,0,0),(767,3,50.1971,'2018-04-29 17:46:04',1,NULL,-1,0,0),(768,4,0.3019,'2018-04-29 17:46:04',1,NULL,-1,0,0),(769,1,391.704,'2018-04-29 17:46:09',0,NULL,743,331.704,0),(770,2,49.8124,'2018-04-29 17:46:09',1,NULL,-1,0,0),(771,3,50.1971,'2018-04-29 17:46:09',1,NULL,-1,0,0),(772,4,0.3019,'2018-04-29 17:46:09',1,NULL,-1,0,0),(773,1,391.704,'2018-04-29 17:46:14',0,NULL,743,331.704,0),(774,2,49.8124,'2018-04-29 17:46:14',1,NULL,-1,0,0),(775,3,50.1971,'2018-04-29 17:46:14',1,NULL,-1,0,0),(776,4,0.3019,'2018-04-29 17:46:14',1,NULL,-1,0,0),(777,1,391.704,'2018-04-29 17:46:23',0,NULL,743,331.704,0),(778,2,49.8124,'2018-04-29 17:46:23',1,NULL,-1,0,0),(779,3,50.1971,'2018-04-29 17:46:23',1,NULL,-1,0,0),(780,4,0.3019,'2018-04-29 17:46:23',1,NULL,-1,0,0),(781,1,391.704,'2018-04-29 17:46:28',0,NULL,743,331.704,0),(782,2,49.8124,'2018-04-29 17:46:28',1,NULL,-1,0,0),(783,3,50.1971,'2018-04-29 17:46:28',1,NULL,-1,0,0),(784,4,0.3019,'2018-04-29 17:46:28',1,NULL,-1,0,0),(785,1,391.704,'2018-04-29 17:46:33',0,NULL,743,331.704,0),(786,2,49.8124,'2018-04-29 17:46:33',1,NULL,-1,0,0),(787,3,50.1971,'2018-04-29 17:46:33',1,NULL,-1,0,0),(788,4,0.3019,'2018-04-29 17:46:33',1,NULL,-1,0,0),(789,1,391.704,'2018-04-29 17:48:20',0,NULL,744,331.704,0),(790,2,49.8124,'2018-04-29 17:48:20',1,NULL,-1,0,0),(791,3,50.1971,'2018-04-29 17:48:20',1,NULL,-1,0,0),(792,4,0.3019,'2018-04-29 17:48:20',1,NULL,-1,0,0),(793,1,391.704,'2018-04-29 17:48:25',0,NULL,744,331.704,0),(794,2,49.8124,'2018-04-29 17:48:25',1,NULL,-1,0,0),(795,3,50.1971,'2018-04-29 17:48:25',1,NULL,-1,0,0),(796,4,0.3019,'2018-04-29 17:48:25',1,NULL,-1,0,0),(797,1,391.704,'2018-04-29 17:48:30',0,NULL,744,331.704,0),(798,2,49.8124,'2018-04-29 17:48:30',1,NULL,-1,0,0),(799,3,50.1971,'2018-04-29 17:48:30',1,NULL,-1,0,0),(800,4,0.3019,'2018-04-29 17:48:30',1,NULL,-1,0,0),(801,1,391.704,'2018-04-29 17:48:52',0,NULL,744,331.704,0),(802,2,49.8124,'2018-04-29 17:48:52',1,NULL,-1,0,0),(803,3,50.1971,'2018-04-29 17:48:52',1,NULL,-1,0,0),(804,4,0.3019,'2018-04-29 17:48:52',1,NULL,-1,0,0),(805,1,391.704,'2018-04-29 17:48:58',0,NULL,744,331.704,0),(806,2,49.8124,'2018-04-29 17:48:58',1,NULL,-1,0,0),(807,3,50.1971,'2018-04-29 17:48:58',1,NULL,-1,0,0),(808,4,0.3019,'2018-04-29 17:48:58',1,NULL,-1,0,0),(809,1,391.704,'2018-04-29 17:49:03',0,NULL,744,331.704,0),(810,2,49.8124,'2018-04-29 17:49:03',1,NULL,-1,0,0),(811,3,50.1971,'2018-04-29 17:49:03',1,NULL,-1,0,0),(812,4,0.3019,'2018-04-29 17:49:03',1,NULL,-1,0,0),(813,1,391.704,'2018-04-29 17:49:08',0,NULL,744,331.704,0),(814,2,49.8124,'2018-04-29 17:49:08',1,NULL,-1,0,0),(815,3,50.1971,'2018-04-29 17:49:08',1,NULL,-1,0,0),(816,4,0.3019,'2018-04-29 17:49:08',1,NULL,-1,0,0),(817,1,391.704,'2018-04-29 17:49:13',0,NULL,744,331.704,0),(818,2,49.8124,'2018-04-29 17:49:13',1,NULL,-1,0,0),(819,3,50.1971,'2018-04-29 17:49:13',1,NULL,-1,0,0),(820,4,0.3019,'2018-04-29 17:49:13',1,NULL,-1,0,0),(821,1,391.711,'2018-05-13 13:15:44',0,NULL,745,331.711,0),(822,2,49.9007,'2018-05-13 13:15:44',1,NULL,-1,0,0),(823,3,50.1239,'2018-05-13 13:15:44',1,NULL,-1,0,0),(824,4,0.301,'2018-05-13 13:15:44',1,NULL,-1,0,0),(825,1,391.712,'2018-05-13 13:15:49',0,NULL,745,331.712,0),(826,2,49.9099,'2018-05-13 13:15:49',1,NULL,-1,0,0),(827,3,50.1166,'2018-05-13 13:15:49',1,NULL,-1,0,0),(828,4,0.3014,'2018-05-13 13:15:49',1,NULL,-1,0,0),(829,1,391.71,'2018-05-13 13:15:54',0,NULL,745,331.71,0),(830,2,49.8877,'2018-05-13 13:15:54',1,NULL,-1,0,0),(831,3,50.1134,'2018-05-13 13:15:54',1,NULL,-1,0,0),(832,4,0.3016,'2018-05-13 13:15:54',1,NULL,-1,0,0),(833,1,391.706,'2018-05-13 13:15:59',0,NULL,745,331.706,0),(834,2,49.884,'2018-05-13 13:15:59',1,NULL,-1,0,0),(835,3,50.0998,'2018-05-13 13:15:59',1,NULL,-1,0,0),(836,4,0.3016,'2018-05-13 13:15:59',1,NULL,-1,0,0),(837,1,391.705,'2018-05-13 13:16:04',0,NULL,745,331.705,0),(838,2,49.9034,'2018-05-13 13:16:04',1,NULL,-1,0,0),(839,3,50.0725,'2018-05-13 13:16:04',1,NULL,-1,0,0),(840,4,0.3019,'2018-05-13 13:16:04',1,NULL,-1,0,0),(841,1,391.707,'2018-05-13 13:16:09',0,NULL,745,331.707,0),(842,2,49.9055,'2018-05-13 13:16:09',1,NULL,-1,0,0),(843,3,50.0685,'2018-05-13 13:16:09',1,NULL,-1,0,0),(844,4,0.302,'2018-05-13 13:16:09',1,NULL,-1,0,0),(845,1,391.703,'2018-05-13 13:16:14',0,NULL,745,331.703,0),(846,2,49.8952,'2018-05-13 13:16:14',1,NULL,-1,0,0),(847,3,50.05,'2018-05-13 13:16:14',1,NULL,-1,0,0),(848,4,0.3016,'2018-05-13 13:16:14',1,NULL,-1,0,0),(849,1,391.704,'2018-05-13 13:16:19',0,NULL,745,331.704,0),(850,2,49.8933,'2018-05-13 13:16:19',1,NULL,-1,0,0),(851,3,50.0453,'2018-05-13 13:16:19',1,NULL,-1,0,0),(852,4,0.3015,'2018-05-13 13:16:19',1,NULL,-1,0,0),(853,1,391.707,'2018-05-13 13:16:24',0,NULL,745,331.707,0),(854,2,49.9462,'2018-05-13 13:16:24',1,NULL,-1,0,0),(855,3,50.0308,'2018-05-13 13:16:24',1,NULL,-1,0,0),(856,4,0.3014,'2018-05-13 13:16:24',1,NULL,-1,0,0),(857,1,391.703,'2018-05-13 13:16:29',0,NULL,745,331.703,0),(858,2,49.9094,'2018-05-13 13:16:29',1,NULL,-1,0,0),(859,3,50.0359,'2018-05-13 13:16:29',1,NULL,-1,0,0),(860,4,0.3015,'2018-05-13 13:16:29',1,NULL,-1,0,0),(861,1,391.701,'2018-05-13 13:16:34',0,NULL,745,331.701,0),(862,2,49.8907,'2018-05-13 13:16:34',1,NULL,-1,0,0),(863,3,50.0515,'2018-05-13 13:16:34',1,NULL,-1,0,0),(864,4,0.3016,'2018-05-13 13:16:34',1,NULL,-1,0,0),(865,1,391.699,'2018-05-13 13:16:39',0,NULL,745,331.699,0),(866,2,49.9239,'2018-05-13 13:16:39',1,NULL,-1,0,0),(867,3,50.02,'2018-05-13 13:16:39',1,NULL,-1,0,0),(868,4,0.3014,'2018-05-13 13:16:39',1,NULL,-1,0,0),(869,1,391.698,'2018-05-13 13:16:44',0,NULL,745,331.698,0),(870,2,49.9134,'2018-05-13 13:16:44',1,NULL,-1,0,0),(871,3,50.0168,'2018-05-13 13:16:44',1,NULL,-1,0,0),(872,4,0.3014,'2018-05-13 13:16:44',1,NULL,-1,0,0),(873,1,391.698,'2018-05-13 13:16:49',0,NULL,745,331.698,0),(874,2,49.9134,'2018-05-13 13:16:49',1,NULL,-1,0,0),(875,3,50.0168,'2018-05-13 13:16:49',1,NULL,-1,0,0),(876,4,0.3014,'2018-05-13 13:16:49',1,NULL,-1,0,0),(877,1,48.7012,'2018-05-13 13:19:50',1,NULL,-1,0,0),(878,2,49.8585,'2018-05-13 13:19:50',1,NULL,-1,0,0),(879,3,49.9456,'2018-05-13 13:19:50',1,NULL,-1,0,0),(880,4,0.3018,'2018-05-13 13:19:50',1,NULL,-1,0,0),(881,1,48.7013,'2018-05-13 13:19:55',1,NULL,-1,0,0),(882,2,49.9038,'2018-05-13 13:19:55',1,NULL,-1,0,0),(883,3,49.9331,'2018-05-13 13:19:55',1,NULL,-1,0,0),(884,4,0.3016,'2018-05-13 13:19:55',1,NULL,-1,0,0),(885,1,48.7088,'2018-05-13 13:20:00',1,NULL,-1,0,0),(886,2,49.9357,'2018-05-13 13:20:00',1,NULL,-1,0,0),(887,3,49.9303,'2018-05-13 13:20:00',1,NULL,-1,0,0),(888,4,0.3017,'2018-05-13 13:20:00',1,NULL,-1,0,0),(889,1,48.7087,'2018-05-13 13:20:05',1,NULL,-1,0,0),(890,2,49.9012,'2018-05-13 13:20:05',1,NULL,-1,0,0),(891,3,49.9045,'2018-05-13 13:20:05',1,NULL,-1,0,0),(892,4,0.3014,'2018-05-13 13:20:05',1,NULL,-1,0,0),(893,1,48.7093,'2018-05-13 13:20:10',1,NULL,-1,0,0),(894,2,49.8899,'2018-05-13 13:20:10',1,NULL,-1,0,0),(895,3,49.9249,'2018-05-13 13:20:10',1,NULL,-1,0,0),(896,4,0.3012,'2018-05-13 13:20:10',1,NULL,-1,0,0),(897,1,48.7075,'2018-05-13 13:20:15',1,NULL,-1,0,0),(898,2,49.8921,'2018-05-13 13:20:15',1,NULL,-1,0,0),(899,3,49.9478,'2018-05-13 13:20:15',1,NULL,-1,0,0),(900,4,0.3013,'2018-05-13 13:20:15',1,NULL,-1,0,0),(901,1,48.7037,'2018-05-13 13:20:20',1,NULL,-1,0,0),(902,2,49.9001,'2018-05-13 13:20:20',1,NULL,-1,0,0),(903,3,49.9955,'2018-05-13 13:20:20',1,NULL,-1,0,0),(904,4,0.3014,'2018-05-13 13:20:20',1,NULL,-1,0,0),(905,1,48.6992,'2018-05-13 13:20:25',1,NULL,-1,0,0),(906,2,49.9139,'2018-05-13 13:20:25',1,NULL,-1,0,0),(907,3,49.9867,'2018-05-13 13:20:25',1,NULL,-1,0,0),(908,4,0.3015,'2018-05-13 13:20:25',1,NULL,-1,0,0),(909,1,48.6993,'2018-05-13 13:20:30',1,NULL,-1,0,0),(910,2,49.9316,'2018-05-13 13:20:30',1,NULL,-1,0,0),(911,3,49.9948,'2018-05-13 13:20:30',1,NULL,-1,0,0),(912,4,0.3015,'2018-05-13 13:20:30',1,NULL,-1,0,0),(913,1,48.6971,'2018-05-13 13:20:35',1,NULL,-1,0,0),(914,2,49.9415,'2018-05-13 13:20:35',1,NULL,-1,0,0),(915,3,49.9862,'2018-05-13 13:20:35',1,NULL,-1,0,0),(916,4,0.3012,'2018-05-13 13:20:35',1,NULL,-1,0,0),(917,1,48.6996,'2018-05-13 13:20:40',1,NULL,-1,0,0),(918,2,49.9556,'2018-05-13 13:20:40',1,NULL,-1,0,0),(919,3,49.9744,'2018-05-13 13:20:40',1,NULL,-1,0,0),(920,4,0.3019,'2018-05-13 13:20:40',1,NULL,-1,0,0),(921,1,48.6999,'2018-05-13 13:20:45',1,NULL,-1,0,0),(922,2,49.9701,'2018-05-13 13:20:45',1,NULL,-1,0,0),(923,3,49.9533,'2018-05-13 13:20:45',1,NULL,-1,0,0),(924,4,0.302,'2018-05-13 13:20:45',1,NULL,-1,0,0),(925,1,48.6998,'2018-05-13 13:20:50',1,NULL,-1,0,0),(926,2,49.993,'2018-05-13 13:20:50',1,NULL,-1,0,0),(927,3,49.9489,'2018-05-13 13:20:50',1,NULL,-1,0,0),(928,4,0.3018,'2018-05-13 13:20:51',1,NULL,-1,0,0),(929,1,48.6985,'2018-05-13 13:20:55',1,NULL,-1,0,0),(930,2,49.9931,'2018-05-13 13:20:55',1,NULL,-1,0,0),(931,3,49.9219,'2018-05-13 13:20:56',1,NULL,-1,0,0),(932,4,0.302,'2018-05-13 13:20:56',1,NULL,-1,0,0),(933,1,48.6992,'2018-05-13 13:21:00',1,NULL,-1,0,0),(934,2,50.0144,'2018-05-13 13:21:01',1,NULL,-1,0,0),(935,3,49.9096,'2018-05-13 13:21:01',1,NULL,-1,0,0),(936,4,0.3018,'2018-05-13 13:21:01',1,NULL,-1,0,0),(937,1,48.6976,'2018-05-13 13:21:06',1,NULL,-1,0,0),(938,2,50.0267,'2018-05-13 13:21:06',1,NULL,-1,0,0),(939,3,49.8951,'2018-05-13 13:21:06',1,NULL,-1,0,0),(940,4,0.3018,'2018-05-13 13:21:06',1,NULL,-1,0,0),(941,1,48.6954,'2018-05-13 13:21:11',1,NULL,-1,0,0),(942,2,50.032,'2018-05-13 13:21:11',1,NULL,-1,0,0),(943,3,49.9006,'2018-05-13 13:21:11',1,NULL,-1,0,0),(944,4,0.3021,'2018-05-13 13:21:11',1,NULL,-1,0,0),(945,1,48.6943,'2018-05-13 13:21:16',1,NULL,-1,0,0),(946,2,50.0076,'2018-05-13 13:21:16',1,NULL,-1,0,0),(947,3,49.8763,'2018-05-13 13:21:16',1,NULL,-1,0,0),(948,4,0.3017,'2018-05-13 13:21:16',1,NULL,-1,0,0),(949,1,48.6916,'2018-05-13 13:21:21',1,NULL,-1,0,0),(950,2,49.9801,'2018-05-13 13:21:21',1,NULL,-1,0,0),(951,3,49.887,'2018-05-13 13:21:21',1,NULL,-1,0,0),(952,4,0.3016,'2018-05-13 13:21:21',1,NULL,-1,0,0),(953,1,48.6889,'2018-05-13 13:21:26',1,NULL,-1,0,0),(954,2,49.9488,'2018-05-13 13:21:26',1,NULL,-1,0,0),(955,3,49.8919,'2018-05-13 13:21:26',1,NULL,-1,0,0),(956,4,0.3013,'2018-05-13 13:21:26',1,NULL,-1,0,0),(957,1,48.6859,'2018-05-13 13:21:31',1,NULL,-1,0,0),(958,2,49.9893,'2018-05-13 13:21:31',1,NULL,-1,0,0),(959,3,49.8888,'2018-05-13 13:21:31',1,NULL,-1,0,0),(960,4,0.3009,'2018-05-13 13:21:31',1,NULL,-1,0,0),(961,1,48.6905,'2018-05-13 13:21:36',1,NULL,-1,0,0),(962,2,50.0315,'2018-05-13 13:21:36',1,NULL,-1,0,0),(963,3,49.8915,'2018-05-13 13:21:36',1,NULL,-1,0,0),(964,4,0.3007,'2018-05-13 13:21:36',1,NULL,-1,0,0),(965,1,48.6907,'2018-05-13 13:21:41',1,NULL,-1,0,0),(966,2,50.0361,'2018-05-13 13:21:41',1,NULL,-1,0,0),(967,3,49.9252,'2018-05-13 13:21:41',1,NULL,-1,0,0),(968,4,0.3005,'2018-05-13 13:21:41',1,NULL,-1,0,0),(969,1,48.6876,'2018-05-13 13:21:46',1,NULL,-1,0,0),(970,2,50.0744,'2018-05-13 13:21:46',1,NULL,-1,0,0),(971,3,49.9598,'2018-05-13 13:21:46',1,NULL,-1,0,0),(972,4,0.3007,'2018-05-13 13:21:46',1,NULL,-1,0,0),(973,1,48.6876,'2018-05-13 13:21:51',1,NULL,-1,0,0),(974,2,50.1177,'2018-05-13 13:21:51',1,NULL,-1,0,0),(975,3,49.9536,'2018-05-13 13:21:51',1,NULL,-1,0,0),(976,4,0.3005,'2018-05-13 13:21:51',1,NULL,-1,0,0),(977,1,48.6882,'2018-05-13 13:21:56',1,NULL,-1,0,0),(978,2,50.0809,'2018-05-13 13:21:56',1,NULL,-1,0,0),(979,3,49.9718,'2018-05-13 13:21:56',1,NULL,-1,0,0),(980,4,0.3006,'2018-05-13 13:21:56',1,NULL,-1,0,0),(981,1,48.6855,'2018-05-13 13:22:01',1,NULL,-1,0,0),(982,2,50.091,'2018-05-13 13:22:01',1,NULL,-1,0,0),(983,3,49.9956,'2018-05-13 13:22:01',1,NULL,-1,0,0),(984,4,0.3003,'2018-05-13 13:22:01',1,NULL,-1,0,0),(985,1,48.6858,'2018-05-13 13:22:06',1,NULL,-1,0,0),(986,2,50.1008,'2018-05-13 13:22:06',1,NULL,-1,0,0),(987,3,49.9976,'2018-05-13 13:22:06',1,NULL,-1,0,0),(988,4,0.3007,'2018-05-13 13:22:06',1,NULL,-1,0,0),(989,1,48.6859,'2018-05-13 13:22:11',1,NULL,-1,0,0),(990,2,50.0699,'2018-05-13 13:22:11',1,NULL,-1,0,0),(991,3,49.9882,'2018-05-13 13:22:11',1,NULL,-1,0,0),(992,4,0.3009,'2018-05-13 13:22:11',1,NULL,-1,0,0),(993,1,48.6877,'2018-05-13 13:22:16',1,NULL,-1,0,0),(994,2,50.0649,'2018-05-13 13:22:16',1,NULL,-1,0,0),(995,3,49.9746,'2018-05-13 13:22:16',1,NULL,-1,0,0),(996,4,0.3011,'2018-05-13 13:22:16',1,NULL,-1,0,0),(997,1,48.6846,'2018-05-13 13:22:21',1,NULL,-1,0,0),(998,2,50.0645,'2018-05-13 13:22:21',1,NULL,-1,0,0),(999,3,50.0087,'2018-05-13 13:22:21',1,NULL,-1,0,0),(1000,4,0.3013,'2018-05-13 13:22:21',1,NULL,-1,0,0),(1001,1,48.6848,'2018-05-13 13:22:26',1,NULL,-1,0,0),(1002,2,50.0368,'2018-05-13 13:22:26',1,NULL,-1,0,0),(1003,3,50.0139,'2018-05-13 13:22:26',1,NULL,-1,0,0),(1004,4,0.3013,'2018-05-13 13:22:26',1,NULL,-1,0,0),(1005,1,48.683,'2018-05-13 13:22:31',1,NULL,-1,0,0),(1006,2,50.0736,'2018-05-13 13:22:31',1,NULL,-1,0,0),(1007,3,49.9863,'2018-05-13 13:22:31',1,NULL,-1,0,0),(1008,4,0.3014,'2018-05-13 13:22:31',1,NULL,-1,0,0),(1009,1,48.6833,'2018-05-13 13:22:36',1,NULL,-1,0,0),(1010,2,50.1009,'2018-05-13 13:22:36',1,NULL,-1,0,0),(1011,3,50.0176,'2018-05-13 13:22:36',1,NULL,-1,0,0),(1012,4,0.3014,'2018-05-13 13:22:37',1,NULL,-1,0,0),(1013,1,48.6854,'2018-05-13 13:22:41',1,NULL,-1,0,0),(1014,2,50.113,'2018-05-13 13:22:41',1,NULL,-1,0,0),(1015,3,49.9964,'2018-05-13 13:22:42',1,NULL,-1,0,0),(1016,4,0.3017,'2018-05-13 13:22:42',1,NULL,-1,0,0),(1017,1,48.6846,'2018-05-13 13:22:46',1,NULL,-1,0,0),(1018,2,50.1044,'2018-05-13 13:22:47',1,NULL,-1,0,0),(1019,3,49.9561,'2018-05-13 13:22:47',1,NULL,-1,0,0),(1020,4,0.3017,'2018-05-13 13:22:47',1,NULL,-1,0,0),(1021,1,48.6859,'2018-05-13 13:22:52',1,NULL,-1,0,0),(1022,2,50.0915,'2018-05-13 13:22:52',1,NULL,-1,0,0),(1023,3,49.9541,'2018-05-13 13:22:52',1,NULL,-1,0,0),(1024,4,0.3016,'2018-05-13 13:22:52',1,NULL,-1,0,0),(1025,1,48.6862,'2018-05-13 13:22:57',1,NULL,-1,0,0),(1026,2,50.0818,'2018-05-13 13:22:57',1,NULL,-1,0,0),(1027,3,49.9708,'2018-05-13 13:22:57',1,NULL,-1,0,0),(1028,4,0.3015,'2018-05-13 13:22:57',1,NULL,-1,0,0),(1029,1,48.6844,'2018-05-13 13:23:02',1,NULL,-1,0,0),(1030,2,50.1091,'2018-05-13 13:23:02',1,NULL,-1,0,0),(1031,3,50.0092,'2018-05-13 13:23:02',1,NULL,-1,0,0),(1032,4,0.3017,'2018-05-13 13:23:02',1,NULL,-1,0,0),(1033,1,48.6843,'2018-05-13 13:23:07',1,NULL,-1,0,0),(1034,2,50.1202,'2018-05-13 13:23:07',1,NULL,-1,0,0),(1035,3,49.9916,'2018-05-13 13:23:07',1,NULL,-1,0,0),(1036,4,0.3018,'2018-05-13 13:23:07',1,NULL,-1,0,0),(1037,1,48.6837,'2018-05-13 13:23:12',1,NULL,-1,0,0),(1038,2,50.1373,'2018-05-13 13:23:12',1,NULL,-1,0,0),(1039,3,50.0269,'2018-05-13 13:23:12',1,NULL,-1,0,0),(1040,4,0.3018,'2018-05-13 13:23:12',1,NULL,-1,0,0),(1041,1,48.6827,'2018-05-13 13:23:17',1,NULL,-1,0,0),(1042,2,50.1418,'2018-05-13 13:23:17',1,NULL,-1,0,0),(1043,3,50.0036,'2018-05-13 13:23:17',1,NULL,-1,0,0),(1044,4,0.3018,'2018-05-13 13:23:17',1,NULL,-1,0,0),(1045,1,48.6807,'2018-05-13 13:23:22',1,NULL,-1,0,0),(1046,2,50.1633,'2018-05-13 13:23:22',1,NULL,-1,0,0),(1047,3,50.0184,'2018-05-13 13:23:22',1,NULL,-1,0,0),(1048,4,0.3018,'2018-05-13 13:23:22',1,NULL,-1,0,0),(1049,1,48.6831,'2018-05-13 13:23:27',1,NULL,-1,0,0),(1050,2,50.1985,'2018-05-13 13:23:27',1,NULL,-1,0,0),(1051,3,50.0274,'2018-05-13 13:23:27',1,NULL,-1,0,0),(1052,4,0.3018,'2018-05-13 13:23:27',1,NULL,-1,0,0),(1053,1,48.6836,'2018-05-13 13:23:32',1,NULL,-1,0,0),(1054,2,50.2289,'2018-05-13 13:23:32',1,NULL,-1,0,0),(1055,3,50.0364,'2018-05-13 13:23:32',1,NULL,-1,0,0),(1056,4,0.3016,'2018-05-13 13:23:32',1,NULL,-1,0,0),(1057,1,48.6852,'2018-05-13 13:23:37',1,NULL,-1,0,0),(1058,2,50.1838,'2018-05-13 13:23:37',1,NULL,-1,0,0),(1059,3,50.0396,'2018-05-13 13:23:37',1,NULL,-1,0,0),(1060,4,0.3011,'2018-05-13 13:23:37',1,NULL,-1,0,0),(1061,1,48.6838,'2018-05-13 13:23:42',1,NULL,-1,0,0),(1062,2,50.2217,'2018-05-13 13:23:42',1,NULL,-1,0,0),(1063,3,50.0534,'2018-05-13 13:23:42',1,NULL,-1,0,0),(1064,4,0.3009,'2018-05-13 13:23:42',1,NULL,-1,0,0),(1065,1,48.6834,'2018-05-13 13:23:47',1,NULL,-1,0,0),(1066,2,50.2534,'2018-05-13 13:23:47',1,NULL,-1,0,0),(1067,3,50.0378,'2018-05-13 13:23:47',1,NULL,-1,0,0),(1068,4,0.3014,'2018-05-13 13:23:47',1,NULL,-1,0,0),(1069,1,48.6809,'2018-05-13 13:23:52',1,NULL,-1,0,0),(1070,2,50.2133,'2018-05-13 13:23:52',1,NULL,-1,0,0),(1071,3,50.0381,'2018-05-13 13:23:52',1,NULL,-1,0,0),(1072,4,0.3014,'2018-05-13 13:23:53',1,NULL,-1,0,0),(1073,1,48.6777,'2018-05-13 13:23:57',1,NULL,-1,0,0),(1074,2,50.1921,'2018-05-13 13:23:57',1,NULL,-1,0,0),(1075,3,50.0426,'2018-05-13 13:23:57',1,NULL,-1,0,0),(1076,4,0.3014,'2018-05-13 13:23:58',1,NULL,-1,0,0),(1077,1,48.6773,'2018-05-13 13:24:02',1,NULL,-1,0,0),(1078,2,50.167,'2018-05-13 13:24:02',1,NULL,-1,0,0),(1079,3,50.0619,'2018-05-13 13:24:02',1,NULL,-1,0,0),(1080,4,0.3013,'2018-05-13 13:24:03',1,'ттт',-1,0,0),(1081,1,48.6779,'2018-05-13 13:24:07',1,NULL,-1,0,0),(1082,2,50.1522,'2018-05-13 13:24:07',1,NULL,-1,0,0),(1083,3,50.0535,'2018-05-13 13:24:08',1,NULL,-1,0,0),(1084,4,0.301,'2018-05-13 13:24:08',1,NULL,-1,0,0),(1085,1,48.6825,'2018-05-13 13:24:12',1,NULL,-1,0,0),(1086,2,50.1729,'2018-05-13 13:24:13',1,NULL,-1,0,0),(1087,3,50.0912,'2018-05-13 13:24:13',1,NULL,-1,0,0),(1088,4,0.3009,'2018-05-13 13:24:13',1,NULL,-1,0,0),(1089,1,48.6821,'2018-05-13 13:24:17',1,NULL,-1,0,0),(1090,2,50.1853,'2018-05-13 13:24:18',1,NULL,-1,0,0),(1091,3,50.0814,'2018-05-13 13:24:18',1,NULL,-1,0,0),(1092,4,0.3005,'2018-05-13 13:24:18',1,NULL,-1,0,0),(1093,1,48.6808,'2018-05-13 13:24:22',1,NULL,-1,0,0),(1094,2,50.1728,'2018-05-13 13:24:23',1,NULL,-1,0,0),(1095,3,50.0833,'2018-05-13 13:24:23',1,NULL,-1,0,0),(1096,4,0.3008,'2018-05-13 13:24:23',1,NULL,-1,0,0),(1097,1,48.6764,'2018-05-13 13:24:27',1,NULL,-1,0,0),(1098,2,50.1684,'2018-05-13 13:24:28',1,NULL,-1,0,0),(1099,3,50.0857,'2018-05-13 13:24:28',1,NULL,-1,0,0),(1100,4,0.3007,'2018-05-13 13:24:28',1,NULL,-1,0,0),(1101,1,48.6705,'2018-05-13 13:24:33',1,NULL,-1,0,0),(1102,2,50.1714,'2018-05-13 13:24:33',1,NULL,-1,0,0),(1103,3,50.1381,'2018-05-13 13:24:33',1,NULL,-1,0,0),(1104,4,0.3009,'2018-05-13 13:24:33',1,NULL,-1,0,0),(1105,1,48.6726,'2018-05-13 13:24:38',1,NULL,-1,0,0),(1106,2,50.173,'2018-05-13 13:24:38',1,NULL,-1,0,0),(1107,3,50.1741,'2018-05-13 13:24:38',1,NULL,-1,0,0),(1108,4,0.3006,'2018-05-13 13:24:38',1,NULL,-1,0,0),(1109,1,48.6731,'2018-05-13 13:24:43',1,NULL,-1,0,0),(1110,2,50.2321,'2018-05-13 13:24:43',1,NULL,-1,0,0),(1111,3,50.2026,'2018-05-13 13:24:43',1,NULL,-1,0,0),(1112,4,0.3004,'2018-05-13 13:24:43',1,NULL,-1,0,0),(1113,1,48.6748,'2018-05-13 13:24:48',1,NULL,-1,0,0),(1114,2,50.2464,'2018-05-13 13:24:48',1,NULL,-1,0,0),(1115,3,50.2123,'2018-05-13 13:24:48',1,NULL,-1,0,0),(1116,4,0.3008,'2018-05-13 13:24:48',1,NULL,-1,0,0),(1117,1,48.6716,'2018-05-13 13:24:53',1,NULL,-1,0,0),(1118,2,50.2537,'2018-05-13 13:24:53',1,NULL,-1,0,0),(1119,3,50.229,'2018-05-13 13:24:53',1,NULL,-1,0,0),(1120,4,0.3008,'2018-05-13 13:24:53',1,NULL,-1,0,0),(1121,1,48.668,'2018-05-13 13:24:58',1,NULL,-1,0,0),(1122,2,50.3037,'2018-05-13 13:24:58',1,NULL,-1,0,0),(1123,3,50.2487,'2018-05-13 13:24:58',1,NULL,-1,0,0),(1124,4,0.3003,'2018-05-13 13:24:58',1,NULL,-1,0,0),(1125,1,48.6673,'2018-05-13 13:25:03',1,NULL,-1,0,0),(1126,2,50.3377,'2018-05-13 13:25:03',1,NULL,-1,0,0),(1127,3,50.2621,'2018-05-13 13:25:03',1,NULL,-1,0,0),(1128,4,0.3002,'2018-05-13 13:25:03',1,NULL,-1,0,0),(1129,1,48.6654,'2018-05-13 13:25:08',1,NULL,-1,0,0),(1130,2,50.3571,'2018-05-13 13:25:08',1,NULL,-1,0,0),(1131,3,50.2711,'2018-05-13 13:25:08',1,NULL,-1,0,0),(1132,4,0.3004,'2018-05-13 13:25:08',1,NULL,-1,0,0),(1133,1,48.6665,'2018-05-13 13:25:13',1,NULL,-1,0,0),(1134,2,50.3697,'2018-05-13 13:25:13',1,NULL,-1,0,0),(1135,3,50.2577,'2018-05-13 13:25:13',1,NULL,-1,0,0),(1136,4,0.3006,'2018-05-13 13:25:13',1,NULL,-1,0,0),(1137,1,48.6659,'2018-05-13 13:25:18',1,NULL,-1,0,0),(1138,2,50.3641,'2018-05-13 13:25:18',1,NULL,-1,0,0),(1139,3,50.2644,'2018-05-13 13:25:18',1,NULL,-1,0,0),(1140,4,0.3002,'2018-05-13 13:25:18',1,NULL,-1,0,0),(1141,1,48.6662,'2018-05-13 13:25:23',1,NULL,-1,0,0),(1142,2,50.377,'2018-05-13 13:25:23',1,NULL,-1,0,0),(1143,3,50.2638,'2018-05-13 13:25:23',1,NULL,-1,0,0),(1144,4,0.3003,'2018-05-13 13:25:23',1,NULL,-1,0,0),(1145,1,48.666,'2018-05-13 13:25:28',1,NULL,-1,0,0),(1146,2,50.3916,'2018-05-13 13:25:28',1,NULL,-1,0,0),(1147,3,50.2572,'2018-05-13 13:25:28',1,NULL,-1,0,0),(1148,4,0.3005,'2018-05-13 13:25:28',1,NULL,-1,0,0),(1149,1,48.6627,'2018-05-13 13:25:33',1,NULL,-1,0,0),(1150,2,50.4378,'2018-05-13 13:25:33',1,NULL,-1,0,0),(1151,3,50.2721,'2018-05-13 13:25:33',1,NULL,-1,0,0),(1152,4,0.3005,'2018-05-13 13:25:33',1,NULL,-1,0,0),(1153,1,48.66,'2018-05-13 13:25:38',1,NULL,-1,0,0),(1154,2,50.4374,'2018-05-13 13:25:38',1,NULL,-1,0,0),(1155,3,50.2985,'2018-05-13 13:25:38',1,NULL,-1,0,0),(1156,4,0.3003,'2018-05-13 13:25:38',1,NULL,-1,0,0),(1157,1,48.661,'2018-05-13 13:25:43',1,NULL,-1,0,0),(1158,2,50.4388,'2018-05-13 13:25:43',1,NULL,-1,0,0),(1159,3,50.2957,'2018-05-13 13:25:43',1,NULL,-1,0,0),(1160,4,0.3001,'2018-05-13 13:25:44',1,NULL,-1,0,0),(1161,1,48.659,'2018-05-13 13:25:48',1,NULL,-1,0,0),(1162,2,50.4249,'2018-05-13 13:25:48',1,NULL,-1,0,0),(1163,3,50.3059,'2018-05-13 13:25:49',1,NULL,-1,0,0),(1164,4,0.2997,'2018-05-13 13:25:49',1,NULL,-1,0,0),(1165,1,48.6612,'2018-05-13 13:25:53',1,NULL,-1,0,0),(1166,2,50.4644,'2018-05-13 13:25:54',1,NULL,-1,0,0),(1167,3,50.2519,'2018-05-13 13:25:54',1,NULL,-1,0,0),(1168,4,0.3,'2018-05-13 13:25:54',1,NULL,-1,0,0),(1169,1,48.6581,'2018-05-13 13:25:58',1,NULL,-1,0,0),(1170,2,50.451,'2018-05-13 13:25:59',1,NULL,-1,0,0),(1171,3,50.2732,'2018-05-13 13:25:59',1,NULL,-1,0,0),(1172,4,0.2999,'2018-05-13 13:25:59',1,NULL,-1,0,0),(1173,1,48.6542,'2018-05-13 13:26:04',1,NULL,-1,0,0),(1174,2,50.484,'2018-05-13 13:26:04',1,NULL,-1,0,0),(1175,3,50.2694,'2018-05-13 13:26:04',1,NULL,-1,0,0),(1176,4,0.2996,'2018-05-13 13:26:04',1,NULL,-1,0,0),(1177,1,48.6545,'2018-05-13 13:26:09',1,NULL,-1,0,0),(1178,2,50.4774,'2018-05-13 13:26:09',1,NULL,-1,0,0),(1179,3,50.2621,'2018-05-13 13:26:09',1,NULL,-1,0,0),(1180,4,0.2999,'2018-05-13 13:26:09',1,NULL,-1,0,0),(1181,1,48.6569,'2018-05-13 13:26:14',1,NULL,-1,0,0),(1182,2,50.4635,'2018-05-13 13:26:14',1,NULL,-1,0,0),(1183,3,50.2465,'2018-05-13 13:26:14',1,NULL,-1,0,0),(1184,4,0.3001,'2018-05-13 13:26:14',1,NULL,-1,0,0),(1185,1,48.6554,'2018-05-13 13:26:19',1,NULL,-1,0,0),(1186,2,50.4579,'2018-05-13 13:26:19',1,NULL,-1,0,0),(1187,3,50.2336,'2018-05-13 13:26:19',1,NULL,-1,0,0),(1188,4,0.3,'2018-05-13 13:26:19',1,NULL,-1,0,0),(1189,1,48.6537,'2018-05-13 13:26:24',1,NULL,-1,0,0),(1190,2,50.4572,'2018-05-13 13:26:24',1,NULL,-1,0,0),(1191,3,50.2459,'2018-05-13 13:26:24',1,NULL,-1,0,0),(1192,4,0.3003,'2018-05-13 13:26:24',1,NULL,-1,0,0),(1193,1,48.6527,'2018-05-13 13:26:29',1,NULL,-1,0,0),(1194,2,50.4672,'2018-05-13 13:26:29',1,NULL,-1,0,0),(1195,3,50.2046,'2018-05-13 13:26:29',1,NULL,-1,0,0),(1196,4,0.3003,'2018-05-13 13:26:29',1,NULL,-1,0,0),(1197,1,48.6549,'2018-05-13 13:26:34',1,NULL,-1,0,0),(1198,2,50.4529,'2018-05-13 13:26:34',1,NULL,-1,0,0),(1199,3,50.2283,'2018-05-13 13:26:34',1,NULL,-1,0,0),(1200,4,0.3004,'2018-05-13 13:26:34',1,NULL,-1,0,0),(1201,1,48.6512,'2018-05-13 13:26:39',1,NULL,-1,0,0),(1202,2,50.4712,'2018-05-13 13:26:39',1,NULL,-1,0,0),(1203,3,50.2408,'2018-05-13 13:26:39',1,NULL,-1,0,0),(1204,4,0.3005,'2018-05-13 13:26:39',1,NULL,-1,0,0),(1205,1,48.6522,'2018-05-13 13:26:44',1,NULL,-1,0,0),(1206,2,50.473,'2018-05-13 13:26:44',1,NULL,-1,0,0),(1207,3,50.2679,'2018-05-13 13:26:44',1,NULL,-1,0,0),(1208,4,0.3005,'2018-05-13 13:26:44',1,NULL,-1,0,0),(1209,1,48.6544,'2018-05-13 13:26:49',1,NULL,-1,0,0),(1210,2,50.5092,'2018-05-13 13:26:49',1,NULL,-1,0,0),(1211,3,50.2931,'2018-05-13 13:26:49',1,NULL,-1,0,0),(1212,4,0.3005,'2018-05-13 13:26:49',1,NULL,-1,0,0),(1213,1,48.6509,'2018-05-13 13:26:54',1,NULL,-1,0,0),(1214,2,50.4834,'2018-05-13 13:26:54',1,NULL,-1,0,0),(1215,3,50.2963,'2018-05-13 13:26:54',1,NULL,-1,0,0),(1216,4,0.3009,'2018-05-13 13:26:55',1,NULL,-1,0,0),(1217,1,48.6536,'2018-05-13 13:26:59',1,NULL,-1,0,0),(1218,2,50.45,'2018-05-13 13:26:59',1,NULL,-1,0,0),(1219,3,50.2843,'2018-05-13 13:27:00',1,NULL,-1,0,0),(1220,4,0.301,'2018-05-13 13:27:00',1,NULL,-1,0,0),(1221,1,48.6497,'2018-05-13 13:27:04',1,NULL,-1,0,0),(1222,2,50.4328,'2018-05-13 13:27:05',1,NULL,-1,0,0),(1223,3,50.287,'2018-05-13 13:27:05',1,NULL,-1,0,0),(1224,4,0.301,'2018-05-13 13:27:05',1,NULL,-1,0,0),(1225,1,48.6496,'2018-05-13 13:27:10',1,NULL,-1,0,0),(1226,2,50.4183,'2018-05-13 13:27:10',1,NULL,-1,0,0),(1227,3,50.2737,'2018-05-13 13:27:10',1,NULL,-1,0,0),(1228,4,0.3009,'2018-05-13 13:27:10',1,NULL,-1,0,0),(1229,1,48.6492,'2018-05-13 13:27:15',1,NULL,-1,0,0),(1230,2,50.4465,'2018-05-13 13:27:15',1,NULL,-1,0,0),(1231,3,50.2873,'2018-05-13 13:27:15',1,NULL,-1,0,0),(1232,4,0.3007,'2018-05-13 13:27:15',1,NULL,-1,0,0),(1233,1,48.6529,'2018-05-13 13:27:20',1,NULL,-1,0,0),(1234,2,50.4472,'2018-05-13 13:27:20',1,NULL,-1,0,0),(1235,3,50.2616,'2018-05-13 13:27:20',1,NULL,-1,0,0),(1236,4,0.3005,'2018-05-13 13:27:20',1,NULL,-1,0,0),(1237,1,48.6538,'2018-05-13 13:27:25',1,NULL,-1,0,0),(1238,2,50.4439,'2018-05-13 13:27:25',1,NULL,-1,0,0),(1239,3,50.2549,'2018-05-13 13:27:25',1,NULL,-1,0,0),(1240,4,0.3008,'2018-05-13 13:27:25',1,NULL,-1,0,0),(1241,1,48.654,'2018-05-13 13:27:30',1,NULL,-1,0,0),(1242,2,50.4646,'2018-05-13 13:27:30',1,NULL,-1,0,0),(1243,3,50.2534,'2018-05-13 13:27:30',1,NULL,-1,0,0),(1244,4,0.3008,'2018-05-13 13:27:30',1,NULL,-1,0,0),(1245,1,48.6538,'2018-05-13 13:27:35',1,NULL,-1,0,0),(1246,2,50.4678,'2018-05-13 13:27:35',1,NULL,-1,0,0),(1247,3,50.2485,'2018-05-13 13:27:35',1,NULL,-1,0,0),(1248,4,0.3006,'2018-05-13 13:27:35',1,NULL,-1,0,0),(1249,1,48.655,'2018-05-13 13:27:40',1,NULL,-1,0,0),(1250,2,50.4466,'2018-05-13 13:27:40',1,NULL,-1,0,0),(1251,3,50.2312,'2018-05-13 13:27:40',1,NULL,-1,0,0),(1252,4,0.3005,'2018-05-13 13:27:40',1,NULL,-1,0,0),(1253,1,48.6558,'2018-05-13 13:27:45',1,NULL,-1,0,0),(1254,2,50.4515,'2018-05-13 13:27:45',1,NULL,-1,0,0),(1255,3,50.1997,'2018-05-13 13:27:45',1,NULL,-1,0,0),(1256,4,0.3006,'2018-05-13 13:27:45',1,NULL,-1,0,0),(1257,1,48.6555,'2018-05-13 13:27:50',1,NULL,-1,0,0),(1258,2,50.4377,'2018-05-13 13:27:50',1,NULL,-1,0,0),(1259,3,50.1889,'2018-05-13 13:27:50',1,NULL,-1,0,0),(1260,4,0.3007,'2018-05-13 13:27:50',1,NULL,-1,0,0),(1261,1,48.6595,'2018-05-13 13:27:55',1,NULL,-1,0,0),(1262,2,50.4337,'2018-05-13 13:27:55',1,NULL,-1,0,0),(1263,3,50.1685,'2018-05-13 13:27:55',1,NULL,-1,0,0),(1264,4,0.3006,'2018-05-13 13:27:55',1,NULL,-1,0,0),(1265,1,48.6591,'2018-05-13 13:28:00',1,NULL,-1,0,0),(1266,2,50.4421,'2018-05-13 13:28:00',1,NULL,-1,0,0),(1267,3,50.1979,'2018-05-13 13:28:00',1,NULL,-1,0,0),(1268,4,0.3008,'2018-05-13 13:28:01',1,NULL,-1,0,0),(1269,1,48.6617,'2018-05-13 13:28:05',1,NULL,-1,0,0),(1270,2,50.4754,'2018-05-13 13:28:05',1,NULL,-1,0,0),(1271,3,50.1428,'2018-05-13 13:28:06',1,NULL,-1,0,0),(1272,4,0.3009,'2018-05-13 13:28:06',1,NULL,-1,0,0),(1273,1,48.6606,'2018-05-13 13:28:10',1,NULL,-1,0,0),(1274,2,50.4711,'2018-05-13 13:28:10',1,NULL,-1,0,0),(1275,3,50.1465,'2018-05-13 13:28:11',1,NULL,-1,0,0),(1276,4,0.3007,'2018-05-13 13:28:11',1,NULL,-1,0,0),(1277,1,48.6612,'2018-05-13 13:28:15',1,NULL,-1,0,0),(1278,2,50.4234,'2018-05-13 13:28:16',1,NULL,-1,0,0),(1279,3,50.161,'2018-05-13 13:28:16',1,NULL,-1,0,0),(1280,4,0.3007,'2018-05-13 13:28:16',1,NULL,-1,0,0),(1281,1,48.6624,'2018-05-13 13:28:21',1,NULL,-1,0,0),(1282,2,50.3946,'2018-05-13 13:28:21',1,NULL,-1,0,0),(1283,3,50.1503,'2018-05-13 13:28:21',1,NULL,-1,0,0),(1284,4,0.3006,'2018-05-13 13:28:21',1,NULL,-1,0,0),(1285,1,48.6643,'2018-05-13 13:28:26',1,NULL,-1,0,0),(1286,2,50.3898,'2018-05-13 13:28:26',1,NULL,-1,0,0),(1287,3,50.1413,'2018-05-13 13:28:26',1,NULL,-1,0,0),(1288,4,0.3006,'2018-05-13 13:28:26',1,NULL,-1,0,0),(1289,1,48.6636,'2018-05-13 13:28:31',1,NULL,-1,0,0),(1290,2,50.3763,'2018-05-13 13:28:31',1,NULL,-1,0,0),(1291,3,50.125,'2018-05-13 13:28:31',1,NULL,-1,0,0),(1292,4,0.3008,'2018-05-13 13:28:31',1,NULL,-1,0,0),(1293,1,48.6618,'2018-05-13 13:28:36',1,NULL,-1,0,0),(1294,2,50.3976,'2018-05-13 13:28:36',1,NULL,-1,0,0),(1295,3,50.1323,'2018-05-13 13:28:36',1,NULL,-1,0,0),(1296,4,0.3008,'2018-05-13 13:28:36',1,NULL,-1,0,0),(1297,1,48.6666,'2018-05-13 13:28:41',1,NULL,-1,0,0),(1298,2,50.366,'2018-05-13 13:28:41',1,NULL,-1,0,0),(1299,3,50.1136,'2018-05-13 13:28:41',1,NULL,-1,0,0),(1300,4,0.301,'2018-05-13 13:28:41',1,NULL,-1,0,0),(1301,1,48.6702,'2018-05-13 13:28:46',1,NULL,-1,0,0),(1302,2,50.4271,'2018-05-13 13:28:46',1,NULL,-1,0,0),(1303,3,50.1443,'2018-05-13 13:28:46',1,NULL,-1,0,0),(1304,4,0.3012,'2018-05-13 13:28:46',1,NULL,-1,0,0),(1305,1,48.6703,'2018-05-13 13:28:51',1,NULL,-1,0,0),(1306,2,50.3988,'2018-05-13 13:28:51',1,NULL,-1,0,0),(1307,3,50.128,'2018-05-13 13:28:51',1,NULL,-1,0,0),(1308,4,0.3013,'2018-05-13 13:28:51',1,NULL,-1,0,0),(1309,1,48.6708,'2018-05-13 13:28:56',1,NULL,-1,0,0),(1310,2,50.4349,'2018-05-13 13:28:56',1,NULL,-1,0,0),(1311,3,50.1235,'2018-05-13 13:28:56',1,NULL,-1,0,0),(1312,4,0.3015,'2018-05-13 13:28:56',1,NULL,-1,0,0),(1313,1,48.6689,'2018-05-13 13:29:01',1,NULL,-1,0,0),(1314,2,50.4376,'2018-05-13 13:29:01',1,NULL,-1,0,0),(1315,3,50.1352,'2018-05-13 13:29:01',1,NULL,-1,0,0),(1316,4,0.3015,'2018-05-13 13:29:01',1,NULL,-1,0,0),(1317,1,48.6713,'2018-05-13 13:29:06',1,NULL,-1,0,0),(1318,2,50.5066,'2018-05-13 13:29:06',1,NULL,-1,0,0),(1319,3,50.1244,'2018-05-13 13:29:06',1,NULL,-1,0,0),(1320,4,0.3015,'2018-05-13 13:29:07',1,NULL,-1,0,0),(1321,1,48.6717,'2018-05-13 13:29:11',1,NULL,-1,0,0),(1322,2,50.4959,'2018-05-13 13:29:11',1,NULL,-1,0,0),(1323,3,50.1366,'2018-05-13 13:29:11',1,NULL,-1,0,0),(1324,4,0.3014,'2018-05-13 13:29:12',1,NULL,-1,0,0),(1325,1,48.6751,'2018-05-13 13:29:16',1,NULL,-1,0,0),(1326,2,50.5239,'2018-05-13 13:29:16',1,NULL,-1,0,0),(1327,3,50.1539,'2018-05-13 13:29:17',1,NULL,-1,0,0),(1328,4,0.3014,'2018-05-13 13:29:17',1,NULL,-1,0,0),(1329,1,48.6755,'2018-05-13 13:29:21',1,NULL,-1,0,0),(1330,2,50.5394,'2018-05-13 13:29:22',1,NULL,-1,0,0),(1331,3,50.1545,'2018-05-13 13:29:22',1,NULL,-1,0,0),(1332,4,0.3016,'2018-05-13 13:29:22',1,NULL,-1,0,0),(1333,1,48.6722,'2018-05-13 13:29:27',1,NULL,-1,0,0),(1334,2,50.5405,'2018-05-13 13:29:27',1,NULL,-1,0,0),(1335,3,50.1514,'2018-05-13 13:29:27',1,NULL,-1,0,0),(1336,4,0.3013,'2018-05-13 13:29:27',1,NULL,-1,0,0),(1337,1,48.6732,'2018-05-13 13:29:32',1,NULL,-1,0,0),(1338,2,50.5495,'2018-05-13 13:29:32',1,NULL,-1,0,0),(1339,3,50.1658,'2018-05-13 13:29:32',1,NULL,-1,0,0),(1340,4,0.3008,'2018-05-13 13:29:32',1,NULL,-1,0,0),(1341,1,48.6718,'2018-05-13 13:29:37',1,NULL,-1,0,0),(1342,2,50.5553,'2018-05-13 13:29:37',1,NULL,-1,0,0),(1343,3,50.2022,'2018-05-13 13:29:37',1,NULL,-1,0,0),(1344,4,0.3009,'2018-05-13 13:29:37',1,NULL,-1,0,0),(1345,1,48.6691,'2018-05-13 13:29:42',1,NULL,-1,0,0),(1346,2,50.5247,'2018-05-13 13:29:42',1,NULL,-1,0,0),(1347,3,50.2492,'2018-05-13 13:29:42',1,NULL,-1,0,0),(1348,4,0.3009,'2018-05-13 13:29:42',1,NULL,-1,0,0),(1349,1,48.6717,'2018-05-13 13:29:47',1,NULL,-1,0,0),(1350,2,50.5032,'2018-05-13 13:29:47',1,NULL,-1,0,0),(1351,3,50.2522,'2018-05-13 13:29:47',1,NULL,-1,0,0),(1352,4,0.3007,'2018-05-13 13:29:47',1,NULL,-1,0,0),(1353,1,48.6702,'2018-05-13 13:29:52',1,NULL,-1,0,0),(1354,2,50.5737,'2018-05-13 13:29:52',1,NULL,-1,0,0),(1355,3,50.2234,'2018-05-13 13:29:52',1,NULL,-1,0,0),(1356,4,0.3007,'2018-05-13 13:29:52',1,NULL,-1,0,0),(1357,1,48.6732,'2018-05-13 13:29:57',1,NULL,-1,0,0),(1358,2,50.5835,'2018-05-13 13:29:57',1,NULL,-1,0,0),(1359,3,50.2041,'2018-05-13 13:29:57',1,NULL,-1,0,0),(1360,4,0.3001,'2018-05-13 13:29:57',1,NULL,-1,0,0),(1361,1,48.6717,'2018-05-13 13:30:02',1,NULL,-1,0,0),(1362,2,50.6034,'2018-05-13 13:30:02',1,NULL,-1,0,0),(1363,3,50.2214,'2018-05-13 13:30:02',1,NULL,-1,0,0),(1364,4,0.2999,'2018-05-13 13:30:02',1,NULL,-1,0,0),(1365,1,48.6732,'2018-05-13 13:30:07',1,NULL,-1,0,0),(1366,2,50.5817,'2018-05-13 13:30:07',1,NULL,-1,0,0),(1367,3,50.1589,'2018-05-13 13:30:07',1,NULL,-1,0,0),(1368,4,0.3,'2018-05-13 13:30:07',1,NULL,-1,0,0),(1369,1,48.6717,'2018-05-13 13:30:12',1,NULL,-1,0,0),(1370,2,50.5745,'2018-05-13 13:30:12',1,NULL,-1,0,0),(1371,3,50.1518,'2018-05-13 13:30:12',1,NULL,-1,0,0),(1372,4,0.2997,'2018-05-13 13:30:12',1,NULL,-1,0,0),(1373,1,48.6729,'2018-05-13 13:30:17',1,NULL,-1,0,0),(1374,2,50.5497,'2018-05-13 13:30:17',1,NULL,-1,0,0),(1375,3,50.1756,'2018-05-13 13:30:18',1,NULL,-1,0,0),(1376,4,0.2996,'2018-05-13 13:30:18',1,NULL,-1,0,0),(1377,1,48.6746,'2018-05-13 13:30:22',1,NULL,-1,0,0),(1378,2,50.544,'2018-05-13 13:30:22',1,NULL,-1,0,0),(1379,3,50.1636,'2018-05-13 13:30:23',1,NULL,-1,0,0),(1380,4,0.2993,'2018-05-13 13:30:23',1,NULL,-1,0,0),(1381,1,48.6705,'2018-05-13 13:30:27',1,NULL,-1,0,0),(1382,2,50.5358,'2018-05-13 13:30:28',1,NULL,-1,0,0),(1383,3,50.1513,'2018-05-13 13:30:28',1,NULL,-1,0,0),(1384,4,0.299,'2018-05-13 13:30:28',1,NULL,-1,0,0),(1385,1,48.6662,'2018-05-13 13:30:33',1,NULL,-1,0,0),(1386,2,50.5229,'2018-05-13 13:30:33',1,NULL,-1,0,0),(1387,3,50.1563,'2018-05-13 13:30:33',1,NULL,-1,0,0),(1388,4,0.2989,'2018-05-13 13:30:33',1,NULL,-1,0,0),(1389,1,48.6639,'2018-05-13 13:30:38',1,NULL,-1,0,0),(1390,2,50.5098,'2018-05-13 13:30:38',1,NULL,-1,0,0),(1391,3,50.1673,'2018-05-13 13:30:38',1,NULL,-1,0,0),(1392,4,0.2985,'2018-05-13 13:30:38',1,NULL,-1,0,0),(1393,1,48.6648,'2018-05-13 13:30:43',1,NULL,-1,0,0),(1394,2,50.5025,'2018-05-13 13:30:43',1,NULL,-1,0,0),(1395,3,50.1965,'2018-05-13 13:30:43',1,NULL,-1,0,0),(1396,4,0.2988,'2018-05-13 13:30:43',1,NULL,-1,0,0),(1397,1,48.6654,'2018-05-13 13:30:48',1,NULL,-1,0,0),(1398,2,50.4522,'2018-05-13 13:30:48',1,NULL,-1,0,0),(1399,3,50.1833,'2018-05-13 13:30:48',1,NULL,-1,0,0),(1400,4,0.2989,'2018-05-13 13:30:48',1,NULL,-1,0,0),(1401,1,48.6655,'2018-05-13 13:30:53',1,NULL,-1,0,0),(1402,2,50.4522,'2018-05-13 13:30:53',1,NULL,-1,0,0),(1403,3,50.2103,'2018-05-13 13:30:53',1,NULL,-1,0,0),(1404,4,0.2988,'2018-05-13 13:30:53',1,NULL,-1,0,0),(1405,1,48.6646,'2018-05-13 13:30:58',1,NULL,-1,0,0),(1406,2,50.4544,'2018-05-13 13:30:58',1,NULL,-1,0,0),(1407,3,50.2275,'2018-05-13 13:30:58',1,NULL,-1,0,0),(1408,4,0.2987,'2018-05-13 13:30:58',1,NULL,-1,0,0),(1409,1,48.6635,'2018-05-13 13:31:10',1,NULL,-1,0,0),(1410,2,50.4633,'2018-05-13 13:31:10',1,NULL,-1,0,0),(1411,3,50.2318,'2018-05-13 13:31:10',1,NULL,-1,0,0),(1412,4,0.2987,'2018-05-13 13:31:10',1,NULL,-1,0,0),(1413,1,48.6677,'2018-05-13 13:31:15',1,NULL,-1,0,0),(1414,2,50.4803,'2018-05-13 13:31:15',1,NULL,-1,0,0),(1415,3,50.2541,'2018-05-13 13:31:15',1,NULL,-1,0,0),(1416,4,0.2988,'2018-05-13 13:31:15',1,NULL,-1,0,0),(1417,1,48.6666,'2018-05-13 13:31:20',1,NULL,-1,0,0),(1418,2,50.4873,'2018-05-13 13:31:20',1,NULL,-1,0,0),(1419,3,50.2536,'2018-05-13 13:31:20',1,NULL,-1,0,0),(1420,4,0.2989,'2018-05-13 13:31:20',1,NULL,-1,0,0),(1421,1,48.6661,'2018-05-13 13:31:25',1,NULL,-1,0,0),(1422,2,50.4802,'2018-05-13 13:31:25',1,NULL,-1,0,0),(1423,3,50.2954,'2018-05-13 13:31:25',1,NULL,-1,0,0),(1424,4,0.2988,'2018-05-13 13:31:25',1,NULL,-1,0,0),(1425,1,48.662,'2018-05-13 13:31:30',1,NULL,-1,0,0),(1426,2,50.4478,'2018-05-13 13:31:30',1,NULL,-1,0,0),(1427,3,50.3005,'2018-05-13 13:31:30',1,NULL,-1,0,0),(1428,4,0.2991,'2018-05-13 13:31:30',1,NULL,-1,0,0),(1429,1,48.6611,'2018-05-13 13:31:35',1,NULL,-1,0,0),(1430,2,50.4407,'2018-05-13 13:31:35',1,NULL,-1,0,0),(1431,3,50.2799,'2018-05-13 13:31:35',1,NULL,-1,0,0),(1432,4,0.299,'2018-05-13 13:31:36',1,NULL,-1,0,0),(1433,1,48.6588,'2018-05-13 13:31:40',1,NULL,-1,0,0),(1434,2,50.4541,'2018-05-13 13:31:40',1,NULL,-1,0,0),(1435,3,50.2813,'2018-05-13 13:31:41',1,NULL,-1,0,0),(1436,4,0.2989,'2018-05-13 13:31:41',1,NULL,-1,0,0),(1437,1,48.6596,'2018-05-13 13:31:45',1,NULL,-1,0,0),(1438,2,50.4593,'2018-05-13 13:31:46',1,NULL,-1,0,0),(1439,3,50.23,'2018-05-13 13:31:46',1,NULL,-1,0,0),(1440,4,0.2991,'2018-05-13 13:31:46',1,NULL,-1,0,0),(1441,1,48.6558,'2018-05-13 13:31:51',1,NULL,-1,0,0),(1442,2,50.4522,'2018-05-13 13:31:51',1,NULL,-1,0,0),(1443,3,50.2039,'2018-05-13 13:31:51',1,NULL,-1,0,0),(1444,4,0.2994,'2018-05-13 13:31:51',1,NULL,-1,0,0),(1445,1,48.6547,'2018-05-13 13:31:56',1,NULL,-1,0,0),(1446,2,50.4856,'2018-05-13 13:31:56',1,NULL,-1,0,0),(1447,3,50.1849,'2018-05-13 13:31:56',1,NULL,-1,0,0),(1448,4,0.2995,'2018-05-13 13:31:56',1,NULL,-1,0,0),(1449,1,48.655,'2018-05-13 13:32:01',1,NULL,-1,0,0),(1450,2,50.5112,'2018-05-13 13:32:01',1,NULL,-1,0,0),(1451,3,50.2648,'2018-05-13 13:32:01',1,NULL,-1,0,0),(1452,4,0.2996,'2018-05-13 13:32:01',1,NULL,-1,0,0),(1453,1,48.6566,'2018-05-13 13:32:06',1,NULL,-1,0,0),(1454,2,50.5445,'2018-05-13 13:32:06',1,NULL,-1,0,0),(1455,3,50.2572,'2018-05-13 13:32:06',1,NULL,-1,0,0),(1456,4,0.2994,'2018-05-13 13:32:06',1,NULL,-1,0,0),(1457,1,48.6553,'2018-05-13 13:32:11',1,NULL,-1,0,0),(1458,2,50.5417,'2018-05-13 13:32:11',1,NULL,-1,0,0),(1459,3,50.2564,'2018-05-13 13:32:11',1,NULL,-1,0,0),(1460,4,0.2991,'2018-05-13 13:32:11',1,NULL,-1,0,0),(1461,1,48.6557,'2018-05-13 13:32:16',1,NULL,-1,0,0),(1462,2,50.5693,'2018-05-13 13:32:16',1,NULL,-1,0,0),(1463,3,50.2443,'2018-05-13 13:32:16',1,NULL,-1,0,0),(1464,4,0.299,'2018-05-13 13:32:16',1,NULL,-1,0,0),(1465,1,48.6565,'2018-05-13 13:32:21',1,NULL,-1,0,0),(1466,2,50.574,'2018-05-13 13:32:21',1,NULL,-1,0,0),(1467,3,50.2447,'2018-05-13 13:32:21',1,NULL,-1,0,0),(1468,4,0.2987,'2018-05-13 13:32:21',1,NULL,-1,0,0),(1469,1,48.6576,'2018-05-13 13:32:26',1,NULL,-1,0,0),(1470,2,50.5545,'2018-05-13 13:32:26',1,NULL,-1,0,0),(1471,3,50.2411,'2018-05-13 13:32:26',1,NULL,-1,0,0),(1472,4,0.2986,'2018-05-13 13:32:26',1,NULL,-1,0,0),(1473,1,48.6614,'2018-05-13 13:32:31',1,NULL,-1,0,0),(1474,2,50.5557,'2018-05-13 13:32:31',1,NULL,-1,0,0),(1475,3,50.2272,'2018-05-13 13:32:31',1,NULL,-1,0,0),(1476,4,0.2987,'2018-05-13 13:32:31',1,NULL,-1,0,0),(1477,1,48.661,'2018-05-13 13:32:36',1,NULL,-1,0,0),(1478,2,50.5674,'2018-05-13 13:32:36',1,NULL,-1,0,0),(1479,3,50.2448,'2018-05-13 13:32:36',1,NULL,-1,0,0),(1480,4,0.2988,'2018-05-13 13:32:36',1,NULL,-1,0,0),(1481,1,48.6615,'2018-05-13 13:32:41',1,NULL,-1,0,0),(1482,2,50.6037,'2018-05-13 13:32:41',1,NULL,-1,0,0),(1483,3,50.255,'2018-05-13 13:32:41',1,NULL,-1,0,0),(1484,4,0.2985,'2018-05-13 13:32:42',1,NULL,-1,0,0),(1485,1,48.6614,'2018-05-13 13:32:46',1,NULL,-1,0,0),(1486,2,50.6313,'2018-05-13 13:32:46',1,NULL,-1,0,0),(1487,3,50.272,'2018-05-13 13:32:47',1,NULL,-1,0,0),(1488,4,0.2982,'2018-05-13 13:32:47',1,NULL,-1,0,0),(1489,1,48.6623,'2018-05-13 13:32:51',1,NULL,-1,0,0),(1490,2,50.624,'2018-05-13 13:32:52',1,NULL,-1,0,0),(1491,3,50.2784,'2018-05-13 13:32:52',1,NULL,-1,0,0),(1492,4,0.2984,'2018-05-13 13:32:52',1,NULL,-1,0,0),(1493,1,48.6621,'2018-05-13 13:32:57',1,NULL,-1,0,0),(1494,2,50.629,'2018-05-13 13:32:57',1,NULL,-1,0,0),(1495,3,50.2413,'2018-05-13 13:32:57',1,NULL,-1,0,0),(1496,4,0.2985,'2018-05-13 13:32:57',1,NULL,-1,0,0),(1497,1,48.6605,'2018-05-13 13:33:02',1,NULL,-1,0,0),(1498,2,50.6109,'2018-05-13 13:33:02',1,NULL,-1,0,0),(1499,3,50.2415,'2018-05-13 13:33:02',1,NULL,-1,0,0),(1500,4,0.298,'2018-05-13 13:33:02',1,NULL,-1,0,0),(1501,1,48.6615,'2018-05-13 13:33:07',1,NULL,-1,0,0),(1502,2,50.5901,'2018-05-13 13:33:07',1,NULL,-1,0,0),(1503,3,50.233,'2018-05-13 13:33:07',1,NULL,-1,0,0),(1504,4,0.2982,'2018-05-13 13:33:07',1,NULL,-1,0,0),(1505,1,48.6656,'2018-05-13 13:33:12',1,NULL,-1,0,0),(1506,2,50.6151,'2018-05-13 13:33:12',1,NULL,-1,0,0),(1507,3,50.1992,'2018-05-13 13:33:12',1,NULL,-1,0,0),(1508,4,0.2981,'2018-05-13 13:33:12',1,NULL,-1,0,0),(1509,1,48.6675,'2018-05-13 13:33:17',1,NULL,-1,0,0),(1510,2,50.6194,'2018-05-13 13:33:17',1,NULL,-1,0,0),(1511,3,50.204,'2018-05-13 13:33:17',1,NULL,-1,0,0),(1512,4,0.2982,'2018-05-13 13:33:17',1,NULL,-1,0,0),(1513,1,48.6676,'2018-05-13 13:33:22',1,NULL,-1,0,0),(1514,2,50.6131,'2018-05-13 13:33:22',1,NULL,-1,0,0),(1515,3,50.1965,'2018-05-13 13:33:22',1,NULL,-1,0,0),(1516,4,0.2984,'2018-05-13 13:33:22',1,NULL,-1,0,0),(1517,1,48.6649,'2018-05-13 13:33:27',1,NULL,-1,0,0),(1518,2,50.6058,'2018-05-13 13:33:27',1,NULL,-1,0,0),(1519,3,50.2002,'2018-05-13 13:33:27',1,NULL,-1,0,0),(1520,4,0.2984,'2018-05-13 13:33:27',1,NULL,-1,0,0),(1521,1,48.6607,'2018-05-13 13:33:32',1,NULL,-1,0,0),(1522,2,50.5933,'2018-05-13 13:33:32',1,NULL,-1,0,0),(1523,3,50.1821,'2018-05-13 13:33:32',1,NULL,-1,0,0),(1524,4,0.2984,'2018-05-13 13:33:32',1,NULL,-1,0,0),(1525,1,48.6625,'2018-05-13 13:33:37',1,NULL,-1,0,0),(1526,2,50.5776,'2018-05-13 13:33:37',1,NULL,-1,0,0),(1527,3,50.171,'2018-05-13 13:33:37',1,NULL,-1,0,0),(1528,4,0.2986,'2018-05-13 13:33:38',1,NULL,-1,0,0),(1529,1,48.6601,'2018-05-13 13:33:42',1,NULL,-1,0,0),(1530,2,50.5955,'2018-05-13 13:33:42',1,NULL,-1,0,0),(1531,3,50.1916,'2018-05-13 13:33:42',1,NULL,-1,0,0),(1532,4,0.2984,'2018-05-13 13:33:43',1,NULL,-1,0,0),(1533,1,48.6602,'2018-05-13 13:33:47',1,NULL,-1,0,0),(1534,2,50.5944,'2018-05-13 13:33:47',1,NULL,-1,0,0),(1535,3,50.1514,'2018-05-13 13:33:48',1,NULL,-1,0,0),(1536,4,0.2986,'2018-05-13 13:33:48',1,NULL,-1,0,0),(1537,1,48.6595,'2018-05-13 13:33:52',1,NULL,-1,0,0),(1538,2,50.5814,'2018-05-13 13:33:53',1,NULL,-1,0,0),(1539,3,50.1715,'2018-05-13 13:33:53',1,NULL,-1,0,0),(1540,4,0.2985,'2018-05-13 13:33:53',1,NULL,-1,0,0),(1541,1,48.6561,'2018-05-13 13:33:57',1,NULL,-1,0,0),(1542,2,50.5713,'2018-05-13 13:33:58',1,NULL,-1,0,0),(1543,3,50.1489,'2018-05-13 13:33:58',1,NULL,-1,0,0),(1544,4,0.2983,'2018-05-13 13:33:58',1,NULL,-1,0,0),(1545,1,48.6591,'2018-05-13 13:34:03',1,NULL,-1,0,0),(1546,2,50.5887,'2018-05-13 13:34:03',1,NULL,-1,0,0),(1547,3,50.1673,'2018-05-13 13:34:03',1,NULL,-1,0,0),(1548,4,0.2985,'2018-05-13 13:34:03',1,NULL,-1,0,0),(1549,1,48.6579,'2018-05-13 13:34:09',1,NULL,-1,0,0),(1550,2,50.5951,'2018-05-13 13:34:09',1,NULL,-1,0,0),(1551,3,50.1758,'2018-05-13 13:34:09',1,NULL,-1,0,0),(1552,4,0.298,'2018-05-13 13:34:09',1,NULL,-1,0,0),(1553,1,48.6575,'2018-05-13 13:34:14',1,NULL,-1,0,0),(1554,2,50.618,'2018-05-13 13:34:14',1,NULL,-1,0,0),(1555,3,50.1584,'2018-05-13 13:34:14',1,NULL,-1,0,0),(1556,4,0.2979,'2018-05-13 13:34:14',1,NULL,-1,0,0),(1557,1,48.6587,'2018-05-13 13:34:19',1,NULL,-1,0,0),(1558,2,50.6507,'2018-05-13 13:34:19',1,NULL,-1,0,0),(1559,3,50.1548,'2018-05-13 13:34:19',1,NULL,-1,0,0),(1560,4,0.2978,'2018-05-13 13:34:19',1,NULL,-1,0,0),(1561,1,48.6546,'2018-05-13 13:34:24',1,NULL,-1,0,0),(1562,2,50.6828,'2018-05-13 13:34:24',1,NULL,-1,0,0),(1563,3,50.1369,'2018-05-13 13:34:24',1,NULL,-1,0,0),(1564,4,0.2979,'2018-05-13 13:34:24',1,NULL,-1,0,0),(1565,1,48.6588,'2018-05-13 13:34:29',1,NULL,-1,0,0),(1566,2,50.7047,'2018-05-13 13:34:29',1,NULL,-1,0,0),(1567,3,50.1681,'2018-05-13 13:34:29',1,NULL,-1,0,0),(1568,4,0.2981,'2018-05-13 13:34:29',1,NULL,-1,0,0),(1569,1,48.6572,'2018-05-13 13:34:34',1,NULL,-1,0,0),(1570,2,50.7488,'2018-05-13 13:34:34',1,NULL,-1,0,0),(1571,3,50.17,'2018-05-13 13:34:34',1,NULL,-1,0,0),(1572,4,0.2978,'2018-05-13 13:34:34',1,NULL,-1,0,0),(1573,1,48.657,'2018-05-13 13:34:39',1,NULL,-1,0,0),(1574,2,50.7213,'2018-05-13 13:34:39',1,NULL,-1,0,0),(1575,3,50.1695,'2018-05-13 13:34:39',1,NULL,-1,0,0),(1576,4,0.298,'2018-05-13 13:34:39',1,NULL,-1,0,0),(1577,1,48.6575,'2018-05-13 13:34:44',1,NULL,-1,0,0),(1578,2,50.742,'2018-05-13 13:34:44',1,NULL,-1,0,0),(1579,3,50.1513,'2018-05-13 13:34:44',1,NULL,-1,0,0),(1580,4,0.2986,'2018-05-13 13:34:45',1,NULL,-1,0,0),(1581,1,48.6557,'2018-05-13 13:34:49',1,NULL,-1,0,0),(1582,2,50.7523,'2018-05-13 13:34:49',1,NULL,-1,0,0),(1583,3,50.1698,'2018-05-13 13:34:50',1,NULL,-1,0,0),(1584,4,0.2985,'2018-05-13 13:34:50',1,NULL,-1,0,0),(1585,1,48.6542,'2018-05-13 13:34:54',1,NULL,-1,0,0),(1586,2,50.7864,'2018-05-13 13:34:55',1,NULL,-1,0,0),(1587,3,50.1526,'2018-05-13 13:34:55',1,NULL,-1,0,0),(1588,4,0.2987,'2018-05-13 13:34:55',1,NULL,-1,0,0),(1589,1,48.6524,'2018-05-13 13:35:00',1,NULL,-1,0,0),(1590,2,50.77,'2018-05-13 13:35:00',1,NULL,-1,0,0),(1591,3,50.124,'2018-05-13 13:35:00',1,NULL,-1,0,0),(1592,4,0.2987,'2018-05-13 13:35:00',1,NULL,-1,0,0),(1593,1,48.6528,'2018-05-13 13:35:05',1,NULL,-1,0,0),(1594,2,50.764,'2018-05-13 13:35:05',1,NULL,-1,0,0),(1595,3,50.1593,'2018-05-13 13:35:05',1,NULL,-1,0,0),(1596,4,0.299,'2018-05-13 13:35:05',1,NULL,-1,0,0),(1597,1,48.6538,'2018-05-13 13:35:10',1,NULL,-1,0,0),(1598,2,50.746,'2018-05-13 13:35:10',1,NULL,-1,0,0),(1599,3,50.1649,'2018-05-13 13:35:10',1,NULL,-1,0,0),(1600,4,0.2994,'2018-05-13 13:35:10',1,NULL,-1,0,0),(1601,1,48.6526,'2018-05-13 13:35:15',1,NULL,-1,0,0),(1602,2,50.7814,'2018-05-13 13:35:15',1,NULL,-1,0,0),(1603,3,50.1781,'2018-05-13 13:35:15',1,NULL,-1,0,0),(1604,4,0.2993,'2018-05-13 13:35:15',1,NULL,-1,0,0),(1605,1,48.6488,'2018-05-13 13:35:20',1,NULL,-1,0,0),(1606,2,50.774,'2018-05-13 13:35:20',1,NULL,-1,0,0),(1607,3,50.2007,'2018-05-13 13:35:20',1,NULL,-1,0,0),(1608,4,0.2995,'2018-05-13 13:35:20',1,NULL,-1,0,0),(1609,1,48.6492,'2018-05-13 13:35:25',1,NULL,-1,0,0),(1610,2,50.7866,'2018-05-13 13:35:25',1,NULL,-1,0,0),(1611,3,50.2092,'2018-05-13 13:35:25',1,NULL,-1,0,0),(1612,4,0.2998,'2018-05-13 13:35:25',1,NULL,-1,0,0),(1613,1,48.649,'2018-05-13 13:35:30',1,NULL,-1,0,0),(1614,2,50.8049,'2018-05-13 13:35:30',1,NULL,-1,0,0),(1615,3,50.2001,'2018-05-13 13:35:30',1,NULL,-1,0,0),(1616,4,0.2997,'2018-05-13 13:35:30',1,NULL,-1,0,0),(1617,1,48.6482,'2018-05-13 13:35:35',1,NULL,-1,0,0),(1618,2,50.8235,'2018-05-13 13:35:35',1,NULL,-1,0,0),(1619,3,50.2063,'2018-05-13 13:35:35',1,NULL,-1,0,0),(1620,4,0.2995,'2018-05-13 13:35:35',1,NULL,-1,0,0),(1621,1,48.6489,'2018-05-13 13:35:40',1,NULL,-1,0,0),(1622,2,50.8018,'2018-05-13 13:35:40',1,NULL,-1,0,0),(1623,3,50.1996,'2018-05-13 13:35:40',1,NULL,-1,0,0),(1624,4,0.2995,'2018-05-13 13:35:40',1,NULL,-1,0,0),(1625,1,48.6505,'2018-05-13 13:35:45',1,NULL,-1,0,0),(1626,2,50.7886,'2018-05-13 13:35:45',1,NULL,-1,0,0),(1627,3,50.199,'2018-05-13 13:35:45',1,NULL,-1,0,0),(1628,4,0.2995,'2018-05-13 13:35:46',1,NULL,-1,0,0),(1629,1,48.6511,'2018-05-13 13:35:50',1,NULL,-1,0,0),(1630,2,50.772,'2018-05-13 13:35:50',1,NULL,-1,0,0),(1631,3,50.2062,'2018-05-13 13:35:51',1,NULL,-1,0,0),(1632,4,0.2993,'2018-05-13 13:35:51',1,NULL,-1,0,0),(1633,1,48.5982,'2018-05-31 21:36:17',1,NULL,-1,0,0),(1634,2,50.9074,'2018-05-31 21:36:17',1,NULL,-1,0,0),(1635,3,50.2473,'2018-05-31 21:36:17',1,NULL,-1,0,0),(1636,4,0.2978,'2018-05-31 21:36:17',1,NULL,-1,0,0),(1637,1,48.5982,'2018-05-31 21:36:22',1,NULL,-1,0,0),(1638,2,50.9074,'2018-05-31 21:36:22',1,NULL,-1,0,0),(1639,3,50.2473,'2018-05-31 21:36:22',1,NULL,-1,0,0),(1640,4,0.2978,'2018-05-31 21:36:22',1,NULL,-1,0,0),(1641,1,48.5982,'2018-05-31 21:36:27',1,NULL,-1,0,0),(1642,2,50.9074,'2018-05-31 21:36:27',1,NULL,-1,0,0),(1643,3,50.2473,'2018-05-31 21:36:27',1,NULL,-1,0,0),(1644,4,0.2978,'2018-05-31 21:36:27',1,NULL,-1,0,0),(1645,1,48.5982,'2018-05-31 21:37:47',1,NULL,-1,0,0),(1646,2,50.9074,'2018-05-31 21:37:47',1,NULL,-1,0,0),(1647,4,0.2978,'2018-05-31 21:37:47',1,NULL,-1,0,0),(1648,3,50.2473,'2018-05-31 21:37:47',1,NULL,-1,0,0),(1649,1,48.5982,'2018-05-31 21:37:52',1,NULL,-1,0,0),(1650,2,50.9074,'2018-05-31 21:37:52',1,NULL,-1,0,0),(1651,4,0.2978,'2018-05-31 21:37:53',1,NULL,-1,0,0),(1652,3,50.2473,'2018-05-31 21:37:53',1,NULL,-1,0,0),(1653,1,48.5982,'2018-05-31 21:39:45',1,NULL,-1,0,0),(1654,2,50.9074,'2018-05-31 21:39:45',1,NULL,-1,0,0),(1655,3,50.2473,'2018-05-31 21:39:45',1,NULL,-1,0,0),(1656,4,0.2978,'2018-05-31 21:39:45',1,NULL,-1,0,0),(1657,1,48.5982,'2018-05-31 21:39:50',1,NULL,-1,0,0),(1658,2,50.9074,'2018-05-31 21:39:50',1,NULL,-1,0,0),(1659,3,50.2473,'2018-05-31 21:39:50',1,NULL,-1,0,0),(1660,4,0.2978,'2018-05-31 21:39:50',1,NULL,-1,0,0),(1661,1,48.5982,'2018-05-31 21:40:15',1,NULL,-1,0,0),(1662,2,50.9074,'2018-05-31 21:40:15',1,NULL,-1,0,0),(1663,3,50.2473,'2018-05-31 21:40:15',1,NULL,-1,0,0),(1664,4,0.2978,'2018-05-31 21:40:15',1,NULL,-1,0,0),(1665,1,48.5982,'2018-05-31 21:40:20',1,NULL,-1,0,0),(1666,2,50.9074,'2018-05-31 21:40:20',1,NULL,-1,0,0),(1667,3,50.2473,'2018-05-31 21:40:20',1,NULL,-1,0,0),(1668,4,0.2978,'2018-05-31 21:40:20',1,NULL,-1,0,0),(1669,1,48.5982,'2018-05-31 21:45:35',1,NULL,-1,0,0),(1670,2,50.9074,'2018-05-31 21:45:35',1,NULL,-1,0,0),(1671,3,50.2473,'2018-05-31 21:45:35',1,NULL,-1,0,0),(1672,4,0.2978,'2018-05-31 21:45:35',1,NULL,-1,0,0),(1673,1,48.5982,'2018-05-31 21:45:40',1,NULL,-1,0,0),(1674,2,50.9074,'2018-05-31 21:45:40',1,NULL,-1,0,0),(1675,3,50.2473,'2018-05-31 21:45:40',1,NULL,-1,0,0),(1676,4,0.2978,'2018-05-31 21:45:40',1,NULL,-1,0,0),(1677,1,48.5982,'2018-05-31 21:46:09',1,NULL,-1,0,0),(1678,2,50.9074,'2018-05-31 21:46:09',1,NULL,-1,0,0),(1679,3,50.2473,'2018-05-31 21:46:09',1,NULL,-1,0,0),(1680,4,0.2978,'2018-05-31 21:46:09',1,NULL,-1,0,0),(1681,1,48.5982,'2018-05-31 21:46:29',1,NULL,-1,0,0),(1682,2,50.9074,'2018-05-31 21:46:29',1,NULL,-1,0,0),(1683,3,50.2473,'2018-05-31 21:46:29',1,NULL,-1,0,0),(1684,4,0.2978,'2018-05-31 21:46:29',1,NULL,-1,0,0),(1685,1,48.5982,'2018-05-31 21:46:34',1,NULL,-1,0,0),(1686,2,50.9074,'2018-05-31 21:46:34',1,NULL,-1,0,0),(1687,3,50.2473,'2018-05-31 21:46:34',1,NULL,-1,0,0),(1688,4,0.2978,'2018-05-31 21:46:34',1,NULL,-1,0,0),(1689,1,48.5982,'2018-05-31 21:46:39',1,NULL,-1,0,0),(1690,2,50.9074,'2018-05-31 21:46:39',1,NULL,-1,0,0),(1691,3,50.2473,'2018-05-31 21:46:39',1,NULL,-1,0,0),(1692,4,0.2978,'2018-05-31 21:46:39',1,NULL,-1,0,0),(1693,1,48.5982,'2018-05-31 21:46:44',1,NULL,-1,0,0),(1694,2,50.9074,'2018-05-31 21:46:44',1,NULL,-1,0,0),(1695,3,50.2473,'2018-05-31 21:46:44',1,NULL,-1,0,0),(1696,4,0.2978,'2018-05-31 21:46:44',1,NULL,-1,0,0),(1697,1,48.5982,'2018-05-31 21:46:49',1,NULL,-1,0,0),(1698,2,50.9074,'2018-05-31 21:46:49',1,NULL,-1,0,0),(1699,3,50.2473,'2018-05-31 21:46:49',1,NULL,-1,0,0),(1700,4,0.2978,'2018-05-31 21:46:49',1,NULL,-1,0,0),(1701,1,48.5982,'2018-05-31 21:47:26',1,NULL,-1,0,0),(1702,2,50.9074,'2018-05-31 21:47:26',1,NULL,-1,0,0),(1703,3,50.2473,'2018-05-31 21:47:26',1,NULL,-1,0,0),(1704,4,0.2978,'2018-05-31 21:47:26',1,NULL,-1,0,0),(1705,1,48.5982,'2018-05-31 21:47:31',1,NULL,-1,0,0),(1706,2,50.9074,'2018-05-31 21:47:31',1,NULL,-1,0,0),(1707,3,50.2473,'2018-05-31 21:47:32',1,NULL,-1,0,0),(1708,4,0.2978,'2018-05-31 21:47:32',1,NULL,-1,0,0),(1709,1,48.5982,'2018-05-31 21:47:36',1,NULL,-1,0,0),(1710,2,50.9074,'2018-05-31 21:47:37',1,NULL,-1,0,0),(1711,3,50.2473,'2018-05-31 21:47:37',1,NULL,-1,0,0),(1712,4,0.2978,'2018-05-31 21:47:37',1,NULL,-1,0,0),(1713,1,48.5982,'2018-05-31 21:47:42',1,NULL,-1,0,0),(1714,2,50.9074,'2018-05-31 21:47:42',1,NULL,-1,0,0),(1715,3,50.2473,'2018-05-31 21:47:42',1,NULL,-1,0,0),(1716,4,0.2978,'2018-05-31 21:47:42',1,NULL,-1,0,0),(1717,1,48.5982,'2018-05-31 21:47:47',1,NULL,-1,0,0),(1718,2,50.9074,'2018-05-31 21:47:47',1,NULL,-1,0,0),(1719,3,50.2473,'2018-05-31 21:47:47',1,NULL,-1,0,0),(1720,4,0.2978,'2018-05-31 21:47:47',1,NULL,-1,0,0),(1721,1,48.5982,'2018-05-31 21:47:52',1,NULL,-1,0,0),(1722,2,50.9074,'2018-05-31 21:47:52',1,NULL,-1,0,0),(1723,3,50.2473,'2018-05-31 21:47:52',1,NULL,-1,0,0),(1724,4,0.2978,'2018-05-31 21:47:52',1,NULL,-1,0,0),(1725,1,48.5982,'2018-05-31 21:47:57',1,NULL,-1,0,0),(1726,2,50.9074,'2018-05-31 21:47:57',1,NULL,-1,0,0),(1727,3,50.2473,'2018-05-31 21:47:57',1,NULL,-1,0,0),(1728,4,0.2978,'2018-05-31 21:47:57',1,NULL,-1,0,0),(1729,1,48.5982,'2018-05-31 21:48:02',1,NULL,-1,0,0),(1730,2,50.9074,'2018-05-31 21:48:02',1,NULL,-1,0,0),(1731,1,48.5982,'2018-05-31 21:58:01',1,NULL,-1,0,0),(1732,2,50.9074,'2018-05-31 21:58:01',1,NULL,-1,0,0),(1733,3,50.2473,'2018-05-31 21:58:01',1,NULL,-1,0,0),(1734,4,0.2978,'2018-05-31 21:58:01',1,NULL,-1,0,0),(1735,1,48.5982,'2018-05-31 21:58:06',1,NULL,-1,0,0),(1736,2,50.9074,'2018-05-31 21:58:06',1,NULL,-1,0,0),(1737,3,50.2473,'2018-05-31 21:58:06',1,NULL,-1,0,0),(1738,4,0.2978,'2018-05-31 21:58:06',1,NULL,-1,0,0),(1739,1,48.5982,'2018-05-31 22:02:31',1,NULL,-1,0,0),(1740,2,50.9074,'2018-05-31 22:02:31',1,NULL,-1,0,0),(1741,3,50.2473,'2018-05-31 22:02:31',1,NULL,-1,0,0),(1742,4,0.2978,'2018-05-31 22:02:31',1,NULL,-1,0,0),(1743,1,48.5982,'2018-05-31 22:02:36',1,NULL,-1,0,0),(1744,2,50.9074,'2018-05-31 22:02:36',1,NULL,-1,0,0),(1745,3,50.2473,'2018-05-31 22:02:36',1,NULL,-1,0,0),(1746,4,0.2978,'2018-05-31 22:02:36',1,NULL,-1,0,0),(1747,1,48.5982,'2018-05-31 22:02:41',1,NULL,-1,0,0),(1748,2,50.9074,'2018-05-31 22:02:41',1,NULL,-1,0,0),(1749,3,50.2473,'2018-05-31 22:02:41',1,NULL,-1,0,0),(1750,4,0.2978,'2018-05-31 22:02:41',1,NULL,-1,0,0),(1751,1,48.5982,'2018-05-31 22:02:46',1,NULL,-1,0,0),(1752,2,50.9074,'2018-05-31 22:02:46',1,NULL,-1,0,0),(1753,3,50.2473,'2018-05-31 22:02:46',1,NULL,-1,0,0),(1754,4,0.2978,'2018-05-31 22:02:47',1,NULL,-1,0,0),(1755,1,48.5982,'2018-05-31 22:02:51',1,NULL,-1,0,0),(1756,2,50.9074,'2018-05-31 22:02:51',1,NULL,-1,0,0),(1757,3,50.2473,'2018-05-31 22:02:52',1,NULL,-1,0,0),(1758,4,0.2978,'2018-05-31 22:02:52',1,NULL,-1,0,0),(1759,1,48.5982,'2018-05-31 22:02:56',1,NULL,-1,0,0),(1760,2,50.9074,'2018-05-31 22:02:57',1,NULL,-1,0,0),(1761,3,50.2473,'2018-05-31 22:02:57',1,NULL,-1,0,0),(1762,4,0.2978,'2018-05-31 22:02:57',1,NULL,-1,0,0),(1763,1,48.5982,'2018-05-31 22:03:02',1,NULL,-1,0,0),(1764,2,50.9074,'2018-05-31 22:03:02',1,NULL,-1,0,0),(1765,3,50.2473,'2018-05-31 22:03:02',1,NULL,-1,0,0),(1766,4,0.2978,'2018-05-31 22:03:02',1,NULL,-1,0,0),(1767,1,48.5982,'2018-05-31 22:03:07',1,NULL,-1,0,0),(1768,2,50.9074,'2018-05-31 22:03:07',1,NULL,-1,0,0),(1769,3,50.2473,'2018-05-31 22:03:07',1,NULL,-1,0,0),(1770,4,0.2978,'2018-05-31 22:03:07',1,NULL,-1,0,0),(1771,1,48.5982,'2018-05-31 22:03:12',1,NULL,-1,0,0),(1772,2,50.9074,'2018-05-31 22:03:12',1,NULL,-1,0,0),(1773,3,50.2473,'2018-05-31 22:03:12',1,NULL,-1,0,0),(1774,4,0.2978,'2018-05-31 22:03:12',1,NULL,-1,0,0),(1775,1,48.5982,'2018-05-31 22:14:21',1,NULL,-1,0,0),(1776,2,50.9074,'2018-05-31 22:14:21',1,NULL,-1,0,0),(1777,3,50.2473,'2018-05-31 22:14:21',1,NULL,-1,0,0),(1778,4,0.2978,'2018-05-31 22:14:21',1,NULL,-1,0,0),(1779,1,48.5982,'2018-05-31 22:14:26',1,NULL,-1,0,0),(1780,2,50.9074,'2018-05-31 22:14:26',1,NULL,-1,0,0),(1781,3,50.2473,'2018-05-31 22:14:26',1,NULL,-1,0,0),(1782,4,0.2978,'2018-05-31 22:14:27',1,NULL,-1,0,0),(1783,1,48.5982,'2018-05-31 22:19:52',1,NULL,-1,0,0),(1784,2,50.9074,'2018-05-31 22:19:52',1,NULL,-1,0,0),(1785,3,50.2473,'2018-05-31 22:19:52',1,NULL,-1,0,0),(1786,4,0.2978,'2018-05-31 22:19:52',1,NULL,-1,0,0),(1787,1,48.5982,'2018-05-31 22:23:03',1,NULL,-1,0,0),(1788,2,50.9074,'2018-05-31 22:23:03',1,NULL,-1,0,0),(1789,3,50.2473,'2018-05-31 22:23:03',1,NULL,-1,0,0),(1790,4,0.2978,'2018-05-31 22:23:03',1,NULL,-1,0,0),(1791,1,48.5982,'2018-05-31 22:23:08',1,NULL,-1,0,0),(1792,2,50.9074,'2018-05-31 22:23:08',1,NULL,-1,0,0),(1793,3,50.2473,'2018-05-31 22:23:09',1,NULL,-1,0,0),(1794,4,0.2978,'2018-05-31 22:23:09',1,NULL,-1,0,0),(1795,1,48.5982,'2018-05-31 22:23:13',1,NULL,-1,0,0),(1796,2,50.9074,'2018-05-31 22:23:14',1,NULL,-1,0,0),(1797,3,50.2473,'2018-05-31 22:23:14',1,NULL,-1,0,0),(1798,4,0.2978,'2018-05-31 22:23:14',1,NULL,-1,0,0),(1799,1,48.5982,'2018-05-31 22:23:19',1,NULL,-1,0,0),(1800,2,50.9074,'2018-05-31 22:23:19',1,NULL,-1,0,0),(1801,3,50.2473,'2018-05-31 22:23:19',1,NULL,-1,0,0),(1802,4,0.2978,'2018-05-31 22:23:19',1,NULL,-1,0,0),(1803,1,48.5982,'2018-05-31 22:23:24',1,NULL,-1,0,0),(1804,2,50.9074,'2018-05-31 22:23:24',1,NULL,-1,0,0),(1805,3,50.2473,'2018-05-31 22:23:24',1,NULL,-1,0,0),(1806,4,0.2978,'2018-05-31 22:23:24',1,NULL,-1,0,0),(1807,1,48.5982,'2018-05-31 22:31:50',1,NULL,-1,0,0),(1808,2,50.9074,'2018-05-31 22:31:50',1,NULL,-1,0,0),(1809,3,50.2473,'2018-05-31 22:31:50',1,NULL,-1,0,0),(1810,4,0.2978,'2018-05-31 22:31:50',1,NULL,-1,0,0),(1811,1,48.5982,'2018-05-31 22:31:55',1,NULL,-1,0,0),(1812,2,50.9074,'2018-05-31 22:31:55',1,NULL,-1,0,0),(1813,3,50.2473,'2018-05-31 22:31:55',1,NULL,-1,0,0),(1814,4,0.2978,'2018-05-31 22:31:55',1,NULL,-1,0,0),(1815,1,48.5982,'2018-05-31 22:32:29',1,NULL,-1,0,0),(1816,2,50.9074,'2018-05-31 22:32:29',1,NULL,-1,0,0),(1817,3,50.2473,'2018-05-31 22:32:29',1,NULL,-1,0,0),(1818,4,0.2978,'2018-05-31 22:32:29',1,NULL,-1,0,0),(1819,1,48.5982,'2018-05-31 22:32:53',1,NULL,-1,0,0),(1820,2,50.9074,'2018-05-31 22:32:53',1,NULL,-1,0,0),(1821,3,50.2473,'2018-05-31 22:32:53',1,NULL,-1,0,0),(1822,4,0.2978,'2018-05-31 22:32:53',1,NULL,-1,0,0),(1823,2,50.9074,'2018-05-31 22:33:44',1,NULL,-1,0,0),(1824,4,0.2978,'2018-05-31 22:33:44',1,NULL,-1,0,0),(1825,1,48.5982,'2018-05-31 22:33:44',1,NULL,-1,0,0),(1826,3,50.2473,'2018-05-31 22:33:44',1,NULL,-1,0,0),(1827,2,50.9074,'2018-05-31 22:33:49',1,NULL,-1,0,0),(1828,4,0.2978,'2018-05-31 22:33:49',1,NULL,-1,0,0),(1829,1,48.5982,'2018-05-31 22:33:49',1,NULL,-1,0,0),(1830,3,50.2473,'2018-05-31 22:33:50',1,NULL,-1,0,0),(1831,1,48.5982,'2018-05-31 22:34:42',1,NULL,-1,0,0),(1832,2,50.9074,'2018-05-31 22:34:42',1,NULL,-1,0,0),(1833,3,50.2473,'2018-05-31 22:34:42',1,NULL,-1,0,0),(1834,4,0.2978,'2018-05-31 22:34:42',1,NULL,-1,0,0),(1835,1,48.5982,'2018-05-31 22:34:47',1,NULL,-1,0,0),(1836,2,50.9074,'2018-05-31 22:34:47',1,NULL,-1,0,0),(1837,3,50.2473,'2018-05-31 22:34:47',1,NULL,-1,0,0),(1838,4,0.2978,'2018-05-31 22:34:48',1,NULL,-1,0,0),(1839,1,48.5982,'2018-05-31 22:34:52',1,NULL,-1,0,0),(1840,2,50.9074,'2018-05-31 22:34:52',1,NULL,-1,0,0),(1841,3,50.2473,'2018-05-31 22:34:53',1,NULL,-1,0,0),(1842,4,0.2978,'2018-05-31 22:34:53',1,NULL,-1,0,0),(1843,1,48.5982,'2018-05-31 22:35:26',1,NULL,-1,0,0),(1844,2,50.9074,'2018-05-31 22:35:26',1,NULL,-1,0,0),(1845,3,50.2473,'2018-05-31 22:35:26',1,NULL,-1,0,0),(1846,4,0.2978,'2018-05-31 22:35:26',1,NULL,-1,0,0),(1847,1,48.5982,'2018-05-31 22:35:31',1,NULL,-1,0,0),(1848,2,50.9074,'2018-05-31 22:35:31',1,NULL,-1,0,0),(1849,3,50.2473,'2018-05-31 22:35:31',1,NULL,-1,0,0),(1850,4,0.2978,'2018-05-31 22:35:31',1,NULL,-1,0,0),(1851,1,48.5982,'2018-05-31 22:36:04',1,NULL,-1,0,0),(1852,2,50.9074,'2018-05-31 22:36:04',1,NULL,-1,0,0),(1853,3,50.2473,'2018-05-31 22:36:04',1,NULL,-1,0,0),(1854,4,0.2978,'2018-05-31 22:36:04',1,NULL,-1,0,0),(1855,1,48.5982,'2018-05-31 22:36:09',1,NULL,-1,0,0),(1856,2,50.9074,'2018-05-31 22:36:09',1,NULL,-1,0,0),(1857,3,50.2473,'2018-05-31 22:36:10',1,NULL,-1,0,0),(1858,4,0.2978,'2018-05-31 22:36:10',1,NULL,-1,0,0),(1859,1,48.5982,'2018-05-31 22:36:14',1,NULL,-1,0,0),(1860,2,50.9074,'2018-05-31 22:36:15',1,NULL,-1,0,0),(1861,3,50.2473,'2018-05-31 22:36:15',1,NULL,-1,0,0),(1862,4,0.2978,'2018-05-31 22:36:15',1,NULL,-1,0,0),(1863,1,48.5982,'2018-05-31 22:37:40',1,NULL,-1,0,0),(1864,2,50.9074,'2018-05-31 22:37:40',1,NULL,-1,0,0),(1865,3,50.2473,'2018-05-31 22:37:40',1,NULL,-1,0,0),(1866,4,0.2978,'2018-05-31 22:37:40',1,NULL,-1,0,0),(1867,1,48.5982,'2018-05-31 22:38:33',1,NULL,-1,0,0),(1868,2,50.9074,'2018-05-31 22:38:33',1,NULL,-1,0,0),(1869,3,50.2473,'2018-05-31 22:38:33',1,NULL,-1,0,0),(1870,4,0.2978,'2018-05-31 22:38:33',1,NULL,-1,0,0),(1871,1,48.5982,'2018-05-31 22:38:38',1,NULL,-1,0,0),(1872,2,50.9074,'2018-05-31 22:38:38',1,NULL,-1,0,0),(1873,3,50.2473,'2018-05-31 22:38:39',1,NULL,-1,0,0),(1874,4,0.2978,'2018-05-31 22:38:39',1,NULL,-1,0,0),(1875,1,48.5982,'2018-05-31 22:39:14',1,NULL,-1,0,0),(1876,3,50.2473,'2018-05-31 22:39:14',1,NULL,-1,0,0),(1877,2,50.9074,'2018-05-31 22:39:14',1,NULL,-1,0,0),(1878,4,0.2978,'2018-05-31 22:39:14',1,NULL,-1,0,0),(1879,1,48.5982,'2018-05-31 22:39:19',1,NULL,-1,0,0),(1880,3,50.2473,'2018-05-31 22:39:19',1,NULL,-1,0,0),(1881,2,50.9074,'2018-05-31 22:39:19',1,NULL,-1,0,0),(1882,4,0.2978,'2018-05-31 22:39:19',1,NULL,-1,0,0),(1883,1,48.5982,'2018-05-31 22:39:24',1,NULL,-1,0,0),(1884,3,50.2473,'2018-05-31 22:39:24',1,NULL,-1,0,0),(1885,2,50.9074,'2018-05-31 22:39:24',1,NULL,-1,0,0),(1886,4,0.2978,'2018-05-31 22:39:24',1,NULL,-1,0,0),(1887,1,48.5982,'2018-05-31 22:39:29',1,NULL,-1,0,0),(1888,3,50.2473,'2018-05-31 22:39:29',1,NULL,-1,0,0),(1889,2,50.9074,'2018-05-31 22:39:29',1,NULL,-1,0,0),(1890,4,0.2978,'2018-05-31 22:39:29',1,NULL,-1,0,0),(1891,1,48.5982,'2018-05-31 22:39:34',1,NULL,-1,0,0),(1892,3,50.2473,'2018-05-31 22:39:34',1,NULL,-1,0,0),(1893,2,50.9074,'2018-05-31 22:39:34',1,NULL,-1,0,0),(1894,4,0.2978,'2018-05-31 22:39:34',1,NULL,-1,0,0),(1895,1,48.5982,'2018-05-31 22:39:39',1,NULL,-1,0,0),(1896,3,50.2473,'2018-05-31 22:39:39',1,NULL,-1,0,0),(1897,2,50.9074,'2018-05-31 22:39:39',1,NULL,-1,0,0),(1898,4,0.2978,'2018-05-31 22:39:39',1,NULL,-1,0,0),(1899,1,48.5982,'2018-05-31 22:39:44',1,NULL,-1,0,0),(1900,3,50.2473,'2018-05-31 22:39:44',1,NULL,-1,0,0),(1901,2,50.9074,'2018-05-31 22:39:44',1,NULL,-1,0,0),(1902,4,0.2978,'2018-05-31 22:39:45',1,NULL,-1,0,0),(1903,1,48.5982,'2018-05-31 22:39:49',1,NULL,-1,0,0),(1904,3,50.2473,'2018-05-31 22:39:49',1,NULL,-1,0,0),(1905,2,50.9074,'2018-05-31 22:39:50',1,NULL,-1,0,0),(1906,4,0.2978,'2018-05-31 22:39:50',1,NULL,-1,0,0),(1907,1,48.5982,'2018-05-31 22:39:54',1,NULL,-1,0,0),(1908,3,50.2473,'2018-05-31 22:39:55',1,NULL,-1,0,0),(1909,2,50.9074,'2018-05-31 22:39:55',1,NULL,-1,0,0),(1910,4,0.2978,'2018-05-31 22:39:55',1,NULL,-1,0,0),(1911,1,48.5982,'2018-05-31 22:40:00',1,NULL,-1,0,0),(1912,3,50.2473,'2018-05-31 22:40:00',1,NULL,-1,0,0),(1913,2,50.9074,'2018-05-31 22:40:00',1,NULL,-1,0,0),(1914,4,0.2978,'2018-05-31 22:40:00',1,NULL,-1,0,0),(1915,1,48.5982,'2018-05-31 22:40:05',1,NULL,-1,0,0),(1916,3,50.2473,'2018-05-31 22:40:05',1,NULL,-1,0,0),(1917,2,50.9074,'2018-05-31 22:40:05',1,NULL,-1,0,0),(1918,4,0.2978,'2018-05-31 22:40:05',1,NULL,-1,0,0),(1919,1,48.5982,'2018-05-31 22:40:10',1,NULL,-1,0,0),(1920,3,50.2473,'2018-05-31 22:40:10',1,NULL,-1,0,0),(1921,2,50.9074,'2018-05-31 22:40:10',1,NULL,-1,0,0),(1922,4,0.2978,'2018-05-31 22:40:10',1,NULL,-1,0,0),(1923,1,48.5982,'2018-05-31 22:40:15',1,NULL,-1,0,0),(1924,3,50.2473,'2018-05-31 22:40:15',1,NULL,-1,0,0),(1925,2,50.9074,'2018-05-31 22:40:15',1,NULL,-1,0,0),(1926,4,0.2978,'2018-05-31 22:40:15',1,NULL,-1,0,0),(1927,1,48.5982,'2018-05-31 22:40:30',1,NULL,-1,0,0),(1928,3,50.2473,'2018-05-31 22:40:30',1,NULL,-1,0,0),(1929,2,50.9074,'2018-05-31 22:40:30',1,NULL,-1,0,0),(1930,4,0.2978,'2018-05-31 22:40:30',1,NULL,-1,0,0),(1931,1,48.5982,'2018-05-31 22:40:35',1,NULL,-1,0,0),(1932,3,50.2473,'2018-05-31 22:40:35',1,NULL,-1,0,0),(1933,2,50.9074,'2018-05-31 22:40:35',1,NULL,-1,0,0),(1934,4,0.2978,'2018-05-31 22:40:35',1,NULL,-1,0,0),(1935,1,48.5982,'2018-05-31 22:40:40',1,NULL,-1,0,0),(1936,3,50.2473,'2018-05-31 22:40:40',1,NULL,-1,0,0),(1937,2,50.9074,'2018-05-31 22:40:40',1,NULL,-1,0,0),(1938,4,0.2978,'2018-05-31 22:40:40',1,NULL,-1,0,0),(1939,1,48.5982,'2018-05-31 22:40:45',1,NULL,-1,0,0),(1940,3,50.2473,'2018-05-31 22:40:45',1,NULL,-1,0,0),(1941,2,50.9074,'2018-05-31 22:40:45',1,NULL,-1,0,0),(1942,4,0.2978,'2018-05-31 22:40:45',1,NULL,-1,0,0),(1943,1,48.5982,'2018-05-31 22:40:50',1,NULL,-1,0,0),(1944,3,50.2473,'2018-05-31 22:40:50',1,NULL,-1,0,0),(1945,2,50.9074,'2018-05-31 22:40:50',1,NULL,-1,0,0),(1946,4,0.2978,'2018-05-31 22:40:50',1,NULL,-1,0,0),(1947,1,48.5982,'2018-05-31 22:40:55',1,NULL,-1,0,0),(1948,3,50.2473,'2018-05-31 22:40:55',1,NULL,-1,0,0),(1949,2,50.9074,'2018-05-31 22:40:55',1,NULL,-1,0,0),(1950,4,0.2978,'2018-05-31 22:40:55',1,NULL,-1,0,0),(1951,1,48.5982,'2018-05-31 22:41:00',1,NULL,-1,0,0),(1952,3,50.2473,'2018-05-31 22:41:00',1,NULL,-1,0,0),(1953,2,50.9074,'2018-05-31 22:41:00',1,NULL,-1,0,0),(1954,4,0.2978,'2018-05-31 22:41:00',1,NULL,-1,0,0),(1955,1,48.5982,'2018-05-31 22:41:05',1,NULL,-1,0,0),(1956,3,50.2473,'2018-05-31 22:41:05',1,NULL,-1,0,0),(1957,2,50.9074,'2018-05-31 22:41:05',1,NULL,-1,0,0),(1958,4,0.2978,'2018-05-31 22:41:05',1,NULL,-1,0,0),(1959,1,48.5982,'2018-05-31 22:41:10',1,NULL,-1,0,0),(1960,3,50.2473,'2018-05-31 22:41:10',1,NULL,-1,0,0),(1961,2,50.9074,'2018-05-31 22:41:10',1,NULL,-1,0,0),(1962,4,0.2978,'2018-05-31 22:41:10',1,NULL,-1,0,0),(1963,1,48.5982,'2018-05-31 22:41:15',1,NULL,-1,0,0),(1964,3,50.2473,'2018-05-31 22:41:15',1,NULL,-1,0,0),(1965,2,50.9074,'2018-05-31 22:41:15',1,NULL,-1,0,0),(1966,4,0.2978,'2018-05-31 22:41:15',1,NULL,-1,0,0),(1967,1,48.5982,'2018-05-31 22:41:20',1,NULL,-1,0,0),(1968,3,50.2473,'2018-05-31 22:41:20',1,NULL,-1,0,0),(1969,2,50.9074,'2018-05-31 22:41:20',1,NULL,-1,0,0),(1970,4,0.2978,'2018-05-31 22:41:21',1,NULL,-1,0,0),(1971,1,48.5982,'2018-05-31 22:41:25',1,NULL,-1,0,0),(1972,3,50.2473,'2018-05-31 22:41:26',1,NULL,-1,0,0),(1973,2,50.9074,'2018-05-31 22:41:26',1,NULL,-1,0,0),(1974,4,0.2978,'2018-05-31 22:41:26',1,NULL,-1,0,0),(1975,1,48.5982,'2018-05-31 22:41:30',1,NULL,-1,0,0),(1976,3,50.2473,'2018-05-31 22:41:31',1,NULL,-1,0,0),(1977,2,50.9074,'2018-05-31 22:41:31',1,NULL,-1,0,0),(1978,4,0.2978,'2018-05-31 22:41:31',1,NULL,-1,0,0),(1979,1,48.5982,'2018-05-31 22:41:36',1,NULL,-1,0,0),(1980,3,50.2473,'2018-05-31 22:41:36',1,NULL,-1,0,0),(1981,2,50.9074,'2018-05-31 22:41:36',1,NULL,-1,0,0),(1982,4,0.2978,'2018-05-31 22:41:36',1,NULL,-1,0,0),(1983,1,48.5982,'2018-05-31 22:41:41',1,NULL,-1,0,0),(1984,3,50.2473,'2018-05-31 22:41:41',1,NULL,-1,0,0),(1985,2,50.9074,'2018-05-31 22:41:41',1,NULL,-1,0,0),(1986,4,0.2978,'2018-05-31 22:41:41',1,NULL,-1,0,0),(1987,1,48.5982,'2018-05-31 22:41:46',1,NULL,-1,0,0),(1988,3,50.2473,'2018-05-31 22:41:46',1,NULL,-1,0,0),(1989,2,50.9074,'2018-05-31 22:41:46',1,NULL,-1,0,0),(1990,4,0.2978,'2018-05-31 22:41:46',1,NULL,-1,0,0),(1991,1,48.5982,'2018-05-31 22:41:51',1,NULL,-1,0,0),(1992,3,50.2473,'2018-05-31 22:41:51',1,NULL,-1,0,0),(1993,2,50.9074,'2018-05-31 22:41:51',1,NULL,-1,0,0),(1994,4,0.2978,'2018-05-31 22:41:51',1,NULL,-1,0,0),(1995,1,48.5982,'2018-05-31 22:41:56',1,NULL,-1,0,0),(1996,3,50.2473,'2018-05-31 22:41:56',1,NULL,-1,0,0),(1997,2,50.9074,'2018-05-31 22:41:56',1,NULL,-1,0,0),(1998,4,0.2978,'2018-05-31 22:41:56',1,NULL,-1,0,0),(1999,1,48.5982,'2018-05-31 22:42:01',1,NULL,-1,0,0),(2000,3,50.2473,'2018-05-31 22:42:01',1,NULL,-1,0,0),(2001,2,50.9074,'2018-05-31 22:42:01',1,NULL,-1,0,0),(2002,4,0.2978,'2018-05-31 22:42:01',1,NULL,-1,0,0),(2003,1,48.5982,'2018-05-31 22:42:06',1,NULL,-1,0,0),(2004,3,50.2473,'2018-05-31 22:42:06',1,NULL,-1,0,0),(2005,2,50.9074,'2018-05-31 22:42:06',1,NULL,-1,0,0),(2006,4,0.2978,'2018-05-31 22:42:06',1,NULL,-1,0,0),(2007,1,48.5982,'2018-05-31 22:42:11',1,NULL,-1,0,0),(2008,3,50.2473,'2018-05-31 22:42:11',1,NULL,-1,0,0),(2009,2,50.9074,'2018-05-31 22:42:11',1,NULL,-1,0,0),(2010,4,0.2978,'2018-05-31 22:42:11',1,NULL,-1,0,0),(2011,1,48.5982,'2018-05-31 22:42:16',1,NULL,-1,0,0),(2012,3,50.2473,'2018-05-31 22:42:16',1,NULL,-1,0,0),(2013,2,50.9074,'2018-05-31 22:42:16',1,NULL,-1,0,0),(2014,4,0.2978,'2018-05-31 22:42:17',1,NULL,-1,0,0),(2015,1,48.5982,'2018-05-31 22:42:21',1,NULL,-1,0,0),(2016,3,50.2473,'2018-05-31 22:42:21',1,NULL,-1,0,0),(2017,2,50.9074,'2018-05-31 22:42:21',1,NULL,-1,0,0),(2018,4,0.2978,'2018-05-31 22:42:22',1,NULL,-1,0,0),(2019,1,48.5982,'2018-05-31 22:42:26',1,NULL,-1,0,0),(2020,3,50.2473,'2018-05-31 22:42:26',1,NULL,-1,0,0),(2021,2,50.9074,'2018-05-31 22:42:27',1,NULL,-1,0,0),(2022,4,0.2978,'2018-05-31 22:42:27',1,NULL,-1,0,0),(2023,1,48.5982,'2018-05-31 22:42:31',1,NULL,-1,0,0),(2024,3,50.2473,'2018-05-31 22:42:32',1,NULL,-1,0,0),(2025,2,50.9074,'2018-05-31 22:42:32',1,NULL,-1,0,0),(2026,4,0.2978,'2018-05-31 22:42:32',1,NULL,-1,0,0),(2027,1,48.5982,'2018-05-31 22:42:37',1,NULL,-1,0,0),(2028,3,50.2473,'2018-05-31 22:42:37',1,NULL,-1,0,0),(2029,2,50.9074,'2018-05-31 22:42:37',1,NULL,-1,0,0),(2030,4,0.2978,'2018-05-31 22:42:37',1,NULL,-1,0,0),(2031,1,48.5982,'2018-05-31 22:42:42',1,NULL,-1,0,0),(2032,3,50.2473,'2018-05-31 22:42:42',1,NULL,-1,0,0),(2033,2,50.9074,'2018-05-31 22:42:42',1,NULL,-1,0,0),(2034,4,0.2978,'2018-05-31 22:42:42',1,NULL,-1,0,0),(2035,1,48.5982,'2018-05-31 22:42:47',1,NULL,-1,0,0),(2036,3,50.2473,'2018-05-31 22:42:47',1,NULL,-1,0,0),(2037,2,50.9074,'2018-05-31 22:42:47',1,NULL,-1,0,0),(2038,4,0.2978,'2018-05-31 22:42:47',1,NULL,-1,0,0),(2039,1,48.5982,'2018-05-31 22:42:52',1,NULL,-1,0,0),(2040,3,50.2473,'2018-05-31 22:42:52',1,NULL,-1,0,0),(2041,2,50.9074,'2018-05-31 22:42:52',1,NULL,-1,0,0),(2042,4,0.2978,'2018-05-31 22:42:52',1,NULL,-1,0,0),(2043,1,48.5982,'2018-05-31 22:43:06',1,NULL,-1,0,0),(2044,2,50.9074,'2018-05-31 22:43:06',1,NULL,-1,0,0),(2045,3,50.2473,'2018-05-31 22:43:06',1,NULL,-1,0,0),(2046,4,0.2978,'2018-05-31 22:43:06',1,NULL,-1,0,0),(2047,1,48.5982,'2018-05-31 22:43:11',1,NULL,-1,0,0),(2048,2,50.9074,'2018-05-31 22:43:12',1,NULL,-1,0,0),(2049,3,50.2473,'2018-05-31 22:43:12',1,NULL,-1,0,0),(2050,4,0.2978,'2018-05-31 22:43:12',1,NULL,-1,0,0),(2051,1,48.5982,'2018-05-31 22:43:17',1,NULL,-1,0,0),(2052,2,50.9074,'2018-05-31 22:43:17',1,NULL,-1,0,0),(2053,3,50.2473,'2018-05-31 22:43:17',1,NULL,-1,0,0),(2054,4,0.2978,'2018-05-31 22:43:17',1,NULL,-1,0,0),(2055,1,48.5982,'2018-05-31 22:43:22',1,NULL,-1,0,0),(2056,2,50.9074,'2018-05-31 22:43:22',1,NULL,-1,0,0),(2057,3,50.2473,'2018-05-31 22:43:22',1,NULL,-1,0,0),(2058,4,0.2978,'2018-05-31 22:43:22',1,NULL,-1,0,0),(2059,1,48.5982,'2018-05-31 22:43:27',1,NULL,-1,0,0),(2060,2,50.9074,'2018-05-31 22:43:27',1,NULL,-1,0,0),(2061,3,50.2473,'2018-05-31 22:43:27',1,NULL,-1,0,0),(2062,4,0.2978,'2018-05-31 22:43:27',1,NULL,-1,0,0),(2063,1,48.5982,'2018-05-31 22:43:32',1,NULL,-1,0,0),(2064,2,50.9074,'2018-05-31 22:43:32',1,NULL,-1,0,0),(2065,3,50.2473,'2018-05-31 22:43:32',1,NULL,-1,0,0),(2066,4,0.2978,'2018-05-31 22:43:32',1,NULL,-1,0,0),(2067,1,48.5982,'2018-05-31 22:43:37',1,NULL,-1,0,0),(2068,2,50.9074,'2018-05-31 22:43:37',1,NULL,-1,0,0),(2069,3,50.2473,'2018-05-31 22:43:37',1,NULL,-1,0,0),(2070,4,0.2978,'2018-05-31 22:43:37',1,NULL,-1,0,0),(2071,1,48.5982,'2018-05-31 22:43:42',1,NULL,-1,0,0),(2072,2,50.9074,'2018-05-31 22:43:42',1,NULL,-1,0,0),(2073,3,50.2473,'2018-05-31 22:43:42',1,NULL,-1,0,0),(2074,4,0.2978,'2018-05-31 22:43:42',1,NULL,-1,0,0),(2075,1,48.5982,'2018-05-31 22:43:47',1,NULL,-1,0,0),(2076,2,50.9074,'2018-05-31 22:43:47',1,NULL,-1,0,0),(2077,3,50.2473,'2018-05-31 22:43:47',1,NULL,-1,0,0),(2078,4,0.2978,'2018-05-31 22:43:47',1,NULL,-1,0,0),(2079,1,48.5982,'2018-05-31 22:43:52',1,NULL,-1,0,0),(2080,2,50.9074,'2018-05-31 22:43:52',1,NULL,-1,0,0),(2081,3,50.2473,'2018-05-31 22:43:52',1,NULL,-1,0,0),(2082,4,0.2978,'2018-05-31 22:43:52',1,NULL,-1,0,0),(2083,1,48.5982,'2018-05-31 22:43:57',1,NULL,-1,0,0),(2084,2,50.9074,'2018-05-31 22:43:57',1,NULL,-1,0,0),(2085,3,50.2473,'2018-05-31 22:43:57',1,NULL,-1,0,0),(2086,4,0.2978,'2018-05-31 22:43:57',1,NULL,-1,0,0),(2087,1,48.5982,'2018-05-31 22:44:02',1,NULL,-1,0,0),(2088,2,50.9074,'2018-05-31 22:44:02',1,NULL,-1,0,0),(2089,3,50.2473,'2018-05-31 22:44:02',1,NULL,-1,0,0),(2090,4,0.2978,'2018-05-31 22:44:02',1,NULL,-1,0,0),(2091,1,48.5982,'2018-05-31 22:44:07',1,NULL,-1,0,0),(2092,2,50.9074,'2018-05-31 22:44:07',1,NULL,-1,0,0),(2093,3,50.2473,'2018-05-31 22:44:07',1,NULL,-1,0,0),(2094,4,0.2978,'2018-05-31 22:44:08',1,NULL,-1,0,0),(2095,1,48.5982,'2018-05-31 22:44:12',1,NULL,-1,0,0),(2096,2,50.9074,'2018-05-31 22:44:12',1,NULL,-1,0,0),(2097,3,50.2473,'2018-05-31 22:44:13',1,NULL,-1,0,0),(2098,4,0.2978,'2018-05-31 22:44:13',1,NULL,-1,0,0),(2099,1,48.5982,'2018-05-31 22:44:17',1,NULL,-1,0,0),(2100,2,50.9074,'2018-05-31 22:44:18',1,NULL,-1,0,0),(2101,3,50.2473,'2018-05-31 22:44:18',1,NULL,-1,0,0),(2102,4,0.2978,'2018-05-31 22:44:18',1,NULL,-1,0,0),(2103,1,48.5982,'2018-05-31 22:44:23',1,NULL,-1,0,0),(2104,2,50.9074,'2018-05-31 22:44:23',1,NULL,-1,0,0),(2105,3,50.2473,'2018-05-31 22:44:23',1,NULL,-1,0,0),(2106,4,0.2978,'2018-05-31 22:44:23',1,NULL,-1,0,0),(2107,1,48.5982,'2018-05-31 22:44:28',1,NULL,-1,0,0),(2108,2,50.9074,'2018-05-31 22:44:28',1,NULL,-1,0,0),(2109,3,50.2473,'2018-05-31 22:44:28',1,NULL,-1,0,0),(2110,4,0.2978,'2018-05-31 22:44:28',1,NULL,-1,0,0),(2111,1,48.5982,'2018-05-31 22:44:33',1,NULL,-1,0,0),(2112,2,50.9074,'2018-05-31 22:44:33',1,NULL,-1,0,0),(2113,3,50.2473,'2018-05-31 22:44:33',1,NULL,-1,0,0),(2114,4,0.2978,'2018-05-31 22:44:33',1,NULL,-1,0,0),(2115,1,48.5982,'2018-05-31 22:44:38',1,NULL,-1,0,0),(2116,2,50.9074,'2018-05-31 22:44:38',1,NULL,-1,0,0),(2117,3,50.2473,'2018-05-31 22:44:38',1,NULL,-1,0,0),(2118,4,0.2978,'2018-05-31 22:44:38',1,NULL,-1,0,0),(2119,1,48.5982,'2018-05-31 22:44:43',1,NULL,-1,0,0),(2120,2,50.9074,'2018-05-31 22:44:43',1,NULL,-1,0,0),(2121,3,50.2473,'2018-05-31 22:44:43',1,NULL,-1,0,0),(2122,4,0.2978,'2018-05-31 22:44:43',1,NULL,-1,0,0),(2123,1,48.5982,'2018-05-31 22:44:48',1,NULL,-1,0,0),(2124,2,50.9074,'2018-05-31 22:44:48',1,NULL,-1,0,0),(2125,3,50.2473,'2018-05-31 22:44:48',1,NULL,-1,0,0),(2126,4,0.2978,'2018-05-31 22:44:48',1,NULL,-1,0,0),(2127,1,48.5982,'2018-05-31 22:44:53',1,NULL,-1,0,0),(2128,2,50.9074,'2018-05-31 22:44:53',1,NULL,-1,0,0),(2129,3,50.2473,'2018-05-31 22:44:53',1,NULL,-1,0,0),(2130,4,0.2978,'2018-05-31 22:44:53',1,NULL,-1,0,0),(2131,1,48.5982,'2018-05-31 22:44:58',1,NULL,-1,0,0),(2132,2,50.9074,'2018-05-31 22:44:58',1,NULL,-1,0,0),(2133,3,50.2473,'2018-05-31 22:44:58',1,NULL,-1,0,0),(2134,4,0.2978,'2018-05-31 22:44:58',1,NULL,-1,0,0),(2135,1,48.5982,'2018-05-31 22:45:03',1,NULL,-1,0,0),(2136,2,50.9074,'2018-05-31 22:45:03',1,NULL,-1,0,0),(2137,3,50.2473,'2018-05-31 22:45:03',1,NULL,-1,0,0),(2138,4,0.2978,'2018-05-31 22:45:03',1,NULL,-1,0,0),(2139,1,48.5982,'2018-05-31 22:45:08',1,NULL,-1,0,0),(2140,2,50.9074,'2018-05-31 22:45:08',1,NULL,-1,0,0),(2141,3,50.2473,'2018-05-31 22:45:08',1,NULL,-1,0,0),(2142,4,0.2978,'2018-05-31 22:45:08',1,NULL,-1,0,0),(2143,1,48.5982,'2018-05-31 22:45:13',1,NULL,-1,0,0),(2144,2,50.9074,'2018-05-31 22:45:13',1,NULL,-1,0,0),(2145,3,50.2473,'2018-05-31 22:45:13',1,NULL,-1,0,0),(2146,4,0.2978,'2018-05-31 22:45:13',1,NULL,-1,0,0),(2147,1,48.5982,'2018-05-31 22:47:12',1,NULL,-1,0,0),(2148,2,50.9074,'2018-05-31 22:47:12',1,NULL,-1,0,0),(2149,3,50.2473,'2018-05-31 22:47:12',1,NULL,-1,0,0),(2150,4,0.2978,'2018-05-31 22:47:12',1,NULL,-1,0,0),(2151,1,48.5982,'2018-05-31 22:47:17',1,NULL,-1,0,0),(2152,2,50.9074,'2018-05-31 22:47:17',1,NULL,-1,0,0),(2153,3,50.2473,'2018-05-31 22:47:17',1,NULL,-1,0,0),(2154,4,0.2978,'2018-05-31 22:47:17',1,NULL,-1,0,0),(2155,1,48.5982,'2018-05-31 22:47:22',1,NULL,-1,0,0),(2156,2,50.9074,'2018-05-31 22:47:22',1,NULL,-1,0,0),(2157,3,50.2473,'2018-05-31 22:47:22',1,NULL,-1,0,0),(2158,4,0.2978,'2018-05-31 22:47:22',1,NULL,-1,0,0),(2159,1,48.5982,'2018-05-31 22:47:27',1,NULL,-1,0,0),(2160,2,50.9074,'2018-05-31 22:47:27',1,NULL,-1,0,0),(2161,3,50.2473,'2018-05-31 22:47:27',1,NULL,-1,0,0),(2162,4,0.2978,'2018-05-31 22:47:27',1,NULL,-1,0,0),(2163,1,48.5982,'2018-05-31 22:47:32',1,NULL,-1,0,0),(2164,2,50.9074,'2018-05-31 22:47:32',1,NULL,-1,0,0),(2165,3,50.2473,'2018-05-31 22:47:32',1,NULL,-1,0,0),(2166,4,0.2978,'2018-05-31 22:47:32',1,NULL,-1,0,0),(2167,1,48.5982,'2018-05-31 22:50:11',1,NULL,-1,0,0),(2168,2,50.9074,'2018-05-31 22:50:11',1,NULL,-1,0,0),(2169,3,50.2473,'2018-05-31 22:50:11',1,NULL,-1,0,0),(2170,4,0.2978,'2018-05-31 22:50:11',1,NULL,-1,0,0),(2171,1,48.5982,'2018-05-31 22:50:16',1,NULL,-1,0,0),(2172,2,50.9074,'2018-05-31 22:50:16',1,NULL,-1,0,0),(2173,3,50.2473,'2018-05-31 22:50:16',1,NULL,-1,0,0),(2174,4,0.2978,'2018-05-31 22:50:16',1,NULL,-1,0,0),(2175,1,48.5982,'2018-05-31 22:50:21',1,NULL,-1,0,0),(2176,2,50.9074,'2018-05-31 22:50:21',1,NULL,-1,0,0),(2177,3,50.2473,'2018-05-31 22:50:21',1,NULL,-1,0,0),(2178,4,0.2978,'2018-05-31 22:50:21',1,NULL,-1,0,0),(2179,1,48.5982,'2018-05-31 22:50:26',1,NULL,-1,0,0),(2180,2,50.9074,'2018-05-31 22:50:26',1,NULL,-1,0,0),(2181,3,50.2473,'2018-05-31 22:50:26',1,NULL,-1,0,0),(2182,4,0.2978,'2018-05-31 22:50:26',1,NULL,-1,0,0),(2183,1,48.5982,'2018-05-31 22:50:31',1,NULL,-1,0,0),(2184,2,50.9074,'2018-05-31 22:50:31',1,NULL,-1,0,0),(2185,3,50.2473,'2018-05-31 22:50:31',1,NULL,-1,0,0),(2186,4,0.2978,'2018-05-31 22:50:31',1,NULL,-1,0,0),(2187,1,48.5982,'2018-05-31 22:50:36',1,NULL,-1,0,0),(2188,2,50.9074,'2018-05-31 22:50:36',1,NULL,-1,0,0),(2189,3,50.2473,'2018-05-31 22:50:36',1,NULL,-1,0,0),(2190,4,0.2978,'2018-05-31 22:50:37',1,NULL,-1,0,0),(2191,1,48.5982,'2018-05-31 22:50:41',1,NULL,-1,0,0),(2192,2,50.9074,'2018-05-31 22:50:41',1,NULL,-1,0,0),(2193,3,50.2473,'2018-05-31 22:50:42',1,NULL,-1,0,0),(2194,4,0.2978,'2018-05-31 22:50:42',1,NULL,-1,0,0),(2195,1,48.5982,'2018-05-31 22:50:46',1,NULL,-1,0,0),(2196,2,50.9074,'2018-05-31 22:50:47',1,NULL,-1,0,0),(2197,3,50.2473,'2018-05-31 22:50:47',1,NULL,-1,0,0),(2198,4,0.2978,'2018-05-31 22:50:47',1,NULL,-1,0,0),(2199,1,48.5982,'2018-05-31 22:50:52',1,NULL,-1,0,0),(2200,2,50.9074,'2018-05-31 22:50:52',1,NULL,-1,0,0),(2201,3,50.2473,'2018-05-31 22:50:52',1,NULL,-1,0,0),(2202,4,0.2978,'2018-05-31 22:50:52',1,NULL,-1,0,0),(2203,1,48.5982,'2018-05-31 22:50:57',1,NULL,-1,0,0),(2204,2,50.9074,'2018-05-31 22:50:57',1,NULL,-1,0,0),(2205,3,50.2473,'2018-05-31 22:50:57',1,NULL,-1,0,0),(2206,4,0.2978,'2018-05-31 22:50:57',1,NULL,-1,0,0),(2207,1,48.5982,'2018-05-31 22:51:02',1,NULL,-1,0,0),(2208,2,50.9074,'2018-05-31 22:51:02',1,NULL,-1,0,0),(2209,3,50.2473,'2018-05-31 22:51:02',1,NULL,-1,0,0),(2210,4,0.2978,'2018-05-31 22:51:02',1,NULL,-1,0,0),(2211,1,48.5982,'2018-05-31 22:51:07',1,NULL,-1,0,0),(2212,2,50.9074,'2018-05-31 22:51:07',1,NULL,-1,0,0),(2213,3,50.2473,'2018-05-31 22:51:07',1,NULL,-1,0,0),(2214,4,0.2978,'2018-05-31 22:51:07',1,NULL,-1,0,0),(2215,1,48.5982,'2018-05-31 22:51:12',1,NULL,-1,0,0),(2216,2,50.9074,'2018-05-31 22:51:12',1,NULL,-1,0,0),(2217,3,50.2473,'2018-05-31 22:51:12',1,NULL,-1,0,0),(2218,4,0.2978,'2018-05-31 22:51:12',1,NULL,-1,0,0),(2219,1,48.5982,'2018-05-31 22:51:17',1,NULL,-1,0,0),(2220,2,50.9074,'2018-05-31 22:51:17',1,NULL,-1,0,0),(2221,3,50.2473,'2018-05-31 22:51:17',1,NULL,-1,0,0),(2222,4,0.2978,'2018-05-31 22:51:17',1,NULL,-1,0,0),(2223,1,48.5982,'2018-05-31 22:51:31',1,NULL,-1,0,0),(2224,2,50.9074,'2018-05-31 22:51:31',1,NULL,-1,0,0),(2225,3,50.2473,'2018-05-31 22:51:31',1,NULL,-1,0,0),(2226,4,0.2978,'2018-05-31 22:51:31',1,NULL,-1,0,0),(2227,1,48.5982,'2018-05-31 22:51:54',1,NULL,-1,0,0),(2228,2,50.9074,'2018-05-31 22:51:54',1,NULL,-1,0,0),(2229,3,50.2473,'2018-05-31 22:51:54',1,NULL,-1,0,0),(2230,4,0.2978,'2018-05-31 22:51:54',1,NULL,-1,0,0),(2231,1,48.5982,'2018-05-31 22:51:59',1,NULL,-1,0,0),(2232,2,50.9074,'2018-05-31 22:51:59',1,NULL,-1,0,0),(2233,3,50.2473,'2018-05-31 22:51:59',1,NULL,-1,0,0),(2234,4,0.2978,'2018-05-31 22:51:59',1,NULL,-1,0,0),(2235,1,48.5982,'2018-05-31 22:52:04',1,NULL,-1,0,0),(2236,2,50.9074,'2018-05-31 22:52:04',1,NULL,-1,0,0),(2237,3,50.2473,'2018-05-31 22:52:04',1,NULL,-1,0,0),(2238,4,0.2978,'2018-05-31 22:52:04',1,NULL,-1,0,0),(2239,1,48.5982,'2018-05-31 22:53:04',1,NULL,-1,0,0),(2240,2,50.9074,'2018-05-31 22:53:04',1,NULL,-1,0,0),(2241,3,50.2473,'2018-05-31 22:53:04',1,NULL,-1,0,0),(2242,4,0.2978,'2018-05-31 22:53:04',1,NULL,-1,0,0),(2243,1,48.5982,'2018-05-31 22:53:09',1,NULL,-1,0,0),(2244,2,50.9074,'2018-05-31 22:53:10',1,NULL,-1,0,0),(2245,3,50.2473,'2018-05-31 22:53:10',1,NULL,-1,0,0),(2246,4,0.2978,'2018-05-31 22:53:10',1,NULL,-1,0,0),(2247,1,48.5982,'2018-05-31 22:53:15',1,NULL,-1,0,0),(2248,2,50.9074,'2018-05-31 22:53:15',1,NULL,-1,0,0),(2249,3,50.2473,'2018-05-31 22:53:15',1,NULL,-1,0,0),(2250,4,0.2978,'2018-05-31 22:53:15',1,NULL,-1,0,0),(2251,1,48.5982,'2018-05-31 22:53:20',1,NULL,-1,0,0),(2252,2,50.9074,'2018-05-31 22:53:20',1,NULL,-1,0,0),(2253,3,50.2473,'2018-05-31 22:53:20',1,NULL,-1,0,0),(2254,4,0.2978,'2018-05-31 22:53:20',1,NULL,-1,0,0),(2255,1,48.5982,'2018-05-31 22:53:25',1,NULL,-1,0,0),(2256,2,50.9074,'2018-05-31 22:53:25',1,NULL,-1,0,0),(2257,3,50.2473,'2018-05-31 22:53:25',1,NULL,-1,0,0),(2258,4,0.2978,'2018-05-31 22:53:25',1,NULL,-1,0,0),(2259,1,48.5982,'2018-05-31 22:53:30',1,NULL,-1,0,0),(2260,2,50.9074,'2018-05-31 22:53:30',1,NULL,-1,0,0),(2261,3,50.2473,'2018-05-31 22:53:30',1,NULL,-1,0,0),(2262,4,0.2978,'2018-05-31 22:53:30',1,NULL,-1,0,0),(2263,1,48.5982,'2018-05-31 22:53:35',1,NULL,-1,0,0),(2264,2,50.9074,'2018-05-31 22:53:35',1,NULL,-1,0,0),(2265,3,50.2473,'2018-05-31 22:53:35',1,NULL,-1,0,0),(2266,4,0.2978,'2018-05-31 22:53:35',1,NULL,-1,0,0),(2267,1,48.5982,'2018-05-31 22:53:40',1,NULL,-1,0,0),(2268,2,50.9074,'2018-05-31 22:53:40',1,NULL,-1,0,0),(2269,3,50.2473,'2018-05-31 22:53:40',1,NULL,-1,0,0),(2270,4,0.2978,'2018-05-31 22:53:40',1,NULL,-1,0,0),(2271,1,48.5982,'2018-05-31 22:53:45',1,NULL,-1,0,0),(2272,2,50.9074,'2018-05-31 22:53:45',1,NULL,-1,0,0),(2273,3,50.2473,'2018-05-31 22:53:45',1,NULL,-1,0,0),(2274,4,0.2978,'2018-05-31 22:53:45',1,NULL,-1,0,0),(2275,1,48.5982,'2018-05-31 22:53:50',1,NULL,-1,0,0),(2276,2,50.9074,'2018-05-31 22:53:50',1,NULL,-1,0,0),(2277,3,50.2473,'2018-05-31 22:53:50',1,NULL,-1,0,0),(2278,4,0.2978,'2018-05-31 22:53:50',1,NULL,-1,0,0),(2279,1,48.5982,'2018-05-31 22:53:55',1,NULL,-1,0,0),(2280,2,50.9074,'2018-05-31 22:53:55',1,NULL,-1,0,0),(2281,3,50.2473,'2018-05-31 22:53:55',1,NULL,-1,0,0),(2282,4,0.2978,'2018-05-31 22:53:55',1,NULL,-1,0,0),(2283,1,48.5982,'2018-05-31 22:54:00',1,NULL,-1,0,0),(2284,2,50.9074,'2018-05-31 22:54:00',1,NULL,-1,0,0),(2285,3,50.2473,'2018-05-31 22:54:00',1,NULL,-1,0,0),(2286,4,0.2978,'2018-05-31 22:54:00',1,NULL,-1,0,0),(2287,1,48.5982,'2018-05-31 22:54:05',1,NULL,-1,0,0),(2288,2,50.9074,'2018-05-31 22:54:05',1,NULL,-1,0,0),(2289,3,50.2473,'2018-05-31 22:54:05',1,NULL,-1,0,0),(2290,4,0.2978,'2018-05-31 22:54:06',1,NULL,-1,0,0),(2291,1,48.5982,'2018-05-31 22:54:10',1,NULL,-1,0,0),(2292,2,50.9074,'2018-05-31 22:54:10',1,NULL,-1,0,0),(2293,3,50.2473,'2018-05-31 22:54:11',1,NULL,-1,0,0),(2294,4,0.2978,'2018-05-31 22:54:11',1,NULL,-1,0,0),(2295,1,48.5982,'2018-05-31 22:54:15',1,NULL,-1,0,0),(2296,2,50.9074,'2018-05-31 22:54:16',1,NULL,-1,0,0),(2297,3,50.2473,'2018-05-31 22:54:16',1,NULL,-1,0,0),(2298,4,0.2978,'2018-05-31 22:54:16',1,NULL,-1,0,0),(2299,1,48.5982,'2018-05-31 22:54:21',1,NULL,-1,0,0),(2300,2,50.9074,'2018-05-31 22:54:21',1,NULL,-1,0,0),(2301,3,50.2473,'2018-05-31 22:54:21',1,NULL,-1,0,0),(2302,4,0.2978,'2018-05-31 22:54:21',1,NULL,-1,0,0),(2303,1,48.5982,'2018-05-31 22:54:26',1,NULL,-1,0,0),(2304,2,50.9074,'2018-05-31 22:54:26',1,NULL,-1,0,0),(2305,3,50.2473,'2018-05-31 22:54:26',1,NULL,-1,0,0),(2306,4,0.2978,'2018-05-31 22:54:26',1,NULL,-1,0,0),(2307,1,48.5982,'2018-05-31 22:54:31',1,NULL,-1,0,0),(2308,2,50.9074,'2018-05-31 22:54:31',1,NULL,-1,0,0),(2309,3,50.2473,'2018-05-31 22:54:31',1,NULL,-1,0,0),(2310,4,0.2978,'2018-05-31 22:54:31',1,NULL,-1,0,0),(2311,1,48.5982,'2018-05-31 22:54:36',1,NULL,-1,0,0),(2312,2,50.9074,'2018-05-31 22:54:36',1,NULL,-1,0,0),(2313,3,50.2473,'2018-05-31 22:54:36',1,NULL,-1,0,0),(2314,4,0.2978,'2018-05-31 22:54:36',1,NULL,-1,0,0),(2315,1,48.5982,'2018-05-31 22:54:41',1,NULL,-1,0,0),(2316,2,50.9074,'2018-05-31 22:54:41',1,NULL,-1,0,0),(2317,3,50.2473,'2018-05-31 22:54:41',1,NULL,-1,0,0),(2318,4,0.2978,'2018-05-31 22:54:41',1,NULL,-1,0,0),(2319,1,48.5982,'2018-05-31 22:54:46',1,NULL,-1,0,0),(2320,2,50.9074,'2018-05-31 22:54:46',1,NULL,-1,0,0),(2321,3,50.2473,'2018-05-31 22:54:46',1,NULL,-1,0,0),(2322,4,0.2978,'2018-05-31 22:54:46',1,NULL,-1,0,0),(2323,1,48.5982,'2018-05-31 22:54:51',1,NULL,-1,0,0),(2324,2,50.9074,'2018-05-31 22:54:51',1,NULL,-1,0,0),(2325,3,50.2473,'2018-05-31 22:54:51',1,NULL,-1,0,0),(2326,4,0.2978,'2018-05-31 22:54:51',1,NULL,-1,0,0),(2327,1,48.5982,'2018-05-31 22:54:56',1,NULL,-1,0,0),(2328,2,50.9074,'2018-05-31 22:54:56',1,NULL,-1,0,0),(2329,3,50.2473,'2018-05-31 22:54:56',1,NULL,-1,0,0),(2330,4,0.2978,'2018-05-31 22:54:56',1,NULL,-1,0,0),(2331,1,48.5982,'2018-05-31 22:55:01',1,NULL,-1,0,0),(2332,2,50.9074,'2018-05-31 22:55:01',1,NULL,-1,0,0),(2333,3,50.2473,'2018-05-31 22:55:01',1,NULL,-1,0,0),(2334,4,0.2978,'2018-05-31 22:55:01',1,NULL,-1,0,0),(2335,1,48.5982,'2018-05-31 22:55:06',1,NULL,-1,0,0),(2336,2,50.9074,'2018-05-31 22:55:06',1,NULL,-1,0,0),(2337,3,50.2473,'2018-05-31 22:55:06',1,NULL,-1,0,0),(2338,4,0.2978,'2018-05-31 22:55:07',1,NULL,-1,0,0),(2339,1,48.5982,'2018-05-31 22:55:11',1,NULL,-1,0,0),(2340,2,50.9074,'2018-05-31 22:55:11',1,NULL,-1,0,0),(2341,3,50.2473,'2018-05-31 22:55:12',1,NULL,-1,0,0),(2342,4,0.2978,'2018-05-31 22:55:12',1,NULL,-1,0,0),(2343,1,48.5982,'2018-05-31 22:55:16',1,NULL,-1,0,0),(2344,2,50.9074,'2018-05-31 22:55:17',1,NULL,-1,0,0),(2345,3,50.2473,'2018-05-31 22:55:17',1,NULL,-1,0,0),(2346,4,0.2978,'2018-05-31 22:55:17',1,NULL,-1,0,0),(2347,1,48.5982,'2018-05-31 22:55:22',1,NULL,-1,0,0),(2348,2,50.9074,'2018-05-31 22:55:22',1,NULL,-1,0,0),(2349,3,50.2473,'2018-05-31 22:55:22',1,NULL,-1,0,0),(2350,4,0.2978,'2018-05-31 22:55:22',1,NULL,-1,0,0),(2351,1,48.5982,'2018-05-31 22:59:32',1,NULL,-1,0,0),(2352,2,50.9074,'2018-05-31 22:59:32',1,NULL,-1,0,0),(2353,3,50.2473,'2018-05-31 22:59:32',1,NULL,-1,0,0),(2354,4,0.2978,'2018-05-31 22:59:32',1,NULL,-1,0,0),(2355,1,48.5982,'2018-05-31 22:59:37',1,NULL,-1,0,0),(2356,2,50.9074,'2018-05-31 22:59:37',1,NULL,-1,0,0),(2357,3,50.2473,'2018-05-31 22:59:37',1,NULL,-1,0,0),(2358,4,0.2978,'2018-05-31 22:59:37',1,NULL,-1,0,0),(2359,1,48.5982,'2018-05-31 22:59:42',1,NULL,-1,0,0),(2360,2,50.9074,'2018-05-31 22:59:42',1,NULL,-1,0,0),(2361,3,50.2473,'2018-05-31 22:59:42',1,NULL,-1,0,0),(2362,4,0.2978,'2018-05-31 22:59:42',1,NULL,-1,0,0),(2363,1,48.5982,'2018-05-31 23:02:57',1,NULL,-1,0,0),(2364,2,50.9074,'2018-05-31 23:02:57',1,NULL,-1,0,0),(2365,3,50.2473,'2018-05-31 23:02:57',1,NULL,-1,0,0),(2366,4,0.2978,'2018-05-31 23:02:57',1,NULL,-1,0,0),(2367,1,48.5982,'2018-05-31 23:03:02',1,NULL,-1,0,0),(2368,2,50.9074,'2018-05-31 23:03:02',1,NULL,-1,0,0),(2369,3,50.2473,'2018-05-31 23:03:02',1,NULL,-1,0,0),(2370,4,0.2978,'2018-05-31 23:03:02',1,NULL,-1,0,0),(2371,1,48.5982,'2018-05-31 23:03:07',1,NULL,-1,0,0),(2372,2,50.9074,'2018-05-31 23:03:07',1,NULL,-1,0,0),(2373,3,50.2473,'2018-05-31 23:03:07',1,NULL,-1,0,0),(2374,4,0.2978,'2018-05-31 23:03:07',1,NULL,-1,0,0),(2375,1,48.5982,'2018-05-31 23:03:12',1,NULL,-1,0,0),(2376,2,50.9074,'2018-05-31 23:03:12',1,NULL,-1,0,0),(2377,3,50.2473,'2018-05-31 23:03:12',1,NULL,-1,0,0),(2378,4,0.2978,'2018-05-31 23:03:12',1,NULL,-1,0,0),(2379,1,48.5982,'2018-05-31 23:03:17',1,NULL,-1,0,0),(2380,2,50.9074,'2018-05-31 23:03:17',1,NULL,-1,0,0),(2381,3,50.2473,'2018-05-31 23:03:17',1,NULL,-1,0,0),(2382,4,0.2978,'2018-05-31 23:03:17',1,NULL,-1,0,0),(2383,1,48.5982,'2018-05-31 23:05:00',1,NULL,-1,0,0),(2384,2,50.9074,'2018-05-31 23:05:00',1,NULL,-1,0,0),(2385,3,50.2473,'2018-05-31 23:05:00',1,NULL,-1,0,0),(2386,4,0.2978,'2018-05-31 23:05:00',1,NULL,-1,0,0),(2387,1,48.5982,'2018-05-31 23:05:05',1,NULL,-1,0,0),(2388,2,50.9074,'2018-05-31 23:05:05',1,NULL,-1,0,0),(2389,3,50.2473,'2018-05-31 23:05:05',1,NULL,-1,0,0),(2390,4,0.2978,'2018-05-31 23:05:06',1,NULL,-1,0,0),(2391,1,48.5982,'2018-05-31 23:05:10',1,NULL,-1,0,0),(2392,2,50.9074,'2018-05-31 23:05:10',1,NULL,-1,0,0),(2393,3,50.2473,'2018-05-31 23:05:11',1,NULL,-1,0,0),(2394,4,0.2978,'2018-05-31 23:05:11',1,NULL,-1,0,0),(2395,1,48.5982,'2018-05-31 23:05:15',1,NULL,-1,0,0),(2396,2,50.9074,'2018-05-31 23:05:16',1,NULL,-1,0,0),(2397,3,50.2473,'2018-05-31 23:05:16',1,NULL,-1,0,0),(2398,4,0.2978,'2018-05-31 23:05:16',1,NULL,-1,0,0),(2399,1,48.5982,'2018-05-31 23:05:21',1,NULL,-1,0,0),(2400,2,50.9074,'2018-05-31 23:05:21',1,NULL,-1,0,0),(2401,3,50.2473,'2018-05-31 23:05:21',1,NULL,-1,0,0),(2402,4,0.2978,'2018-05-31 23:05:21',1,NULL,-1,0,0),(2403,1,48.5982,'2018-05-31 23:06:44',1,NULL,-1,0,0),(2404,2,50.9074,'2018-05-31 23:06:44',1,NULL,-1,0,0),(2405,3,50.2473,'2018-05-31 23:06:44',1,NULL,-1,0,0),(2406,4,0.2978,'2018-05-31 23:06:44',1,NULL,-1,0,0),(2407,1,48.5982,'2018-05-31 23:06:49',1,NULL,-1,0,0),(2408,2,50.9074,'2018-05-31 23:06:49',1,NULL,-1,0,0),(2409,3,50.2473,'2018-05-31 23:06:49',1,NULL,-1,0,0),(2410,4,0.2978,'2018-05-31 23:06:49',1,NULL,-1,0,0),(2411,1,48.5982,'2018-05-31 23:06:54',1,NULL,-1,0,0),(2412,2,50.9074,'2018-05-31 23:06:54',1,NULL,-1,0,0),(2413,3,50.2473,'2018-05-31 23:06:54',1,NULL,-1,0,0),(2414,4,0.2978,'2018-05-31 23:06:55',1,NULL,-1,0,0),(2415,1,48.5982,'2018-05-31 23:06:59',1,NULL,-1,0,0),(2416,2,50.9074,'2018-05-31 23:06:59',1,NULL,-1,0,0),(2417,3,50.2473,'2018-05-31 23:07:00',1,NULL,-1,0,0),(2418,4,0.2978,'2018-05-31 23:07:00',1,NULL,-1,0,0),(2419,1,48.5982,'2018-05-31 23:07:04',1,NULL,-1,0,0),(2420,2,50.9074,'2018-05-31 23:07:05',1,NULL,-1,0,0),(2421,3,50.2473,'2018-05-31 23:07:05',1,NULL,-1,0,0),(2422,4,0.2978,'2018-05-31 23:07:05',1,NULL,-1,0,0),(2423,1,48.5982,'2018-05-31 23:07:10',1,NULL,-1,0,0),(2424,2,50.9074,'2018-05-31 23:07:10',1,NULL,-1,0,0),(2425,3,50.2473,'2018-05-31 23:07:10',1,NULL,-1,0,0),(2426,4,0.2978,'2018-05-31 23:07:10',1,NULL,-1,0,0),(2427,1,48.5982,'2018-05-31 23:07:15',1,NULL,-1,0,0),(2428,2,50.9074,'2018-05-31 23:07:15',1,NULL,-1,0,0),(2429,3,50.2473,'2018-05-31 23:07:15',1,NULL,-1,0,0),(2430,4,0.2978,'2018-05-31 23:07:15',1,NULL,-1,0,0),(2431,1,48.5982,'2018-05-31 23:07:20',1,NULL,-1,0,0),(2432,2,50.9074,'2018-05-31 23:07:20',1,NULL,-1,0,0),(2433,3,50.2473,'2018-05-31 23:07:20',1,NULL,-1,0,0),(2434,4,0.2978,'2018-05-31 23:07:20',1,NULL,-1,0,0),(2435,1,48.5982,'2018-05-31 23:07:25',1,NULL,-1,0,0),(2436,2,50.9074,'2018-05-31 23:07:25',1,NULL,-1,0,0),(2437,3,50.2473,'2018-05-31 23:07:25',1,NULL,-1,0,0),(2438,4,0.2978,'2018-05-31 23:07:25',1,NULL,-1,0,0),(2439,1,48.5982,'2018-05-31 23:07:30',1,NULL,-1,0,0),(2440,2,50.9074,'2018-05-31 23:07:30',1,NULL,-1,0,0),(2441,3,50.2473,'2018-05-31 23:07:30',1,NULL,-1,0,0),(2442,4,0.2978,'2018-05-31 23:07:30',1,NULL,-1,0,0),(2443,1,48.5982,'2018-05-31 23:07:35',1,NULL,-1,0,0),(2444,2,50.9074,'2018-05-31 23:07:35',1,NULL,-1,0,0),(2445,3,50.2473,'2018-05-31 23:07:35',1,NULL,-1,0,0),(2446,4,0.2978,'2018-05-31 23:07:35',1,NULL,-1,0,0),(2447,1,48.5982,'2018-05-31 23:07:40',1,NULL,-1,0,0),(2448,2,50.9074,'2018-05-31 23:07:40',1,NULL,-1,0,0),(2449,3,50.2473,'2018-05-31 23:07:40',1,NULL,-1,0,0),(2450,4,0.2978,'2018-05-31 23:07:40',1,NULL,-1,0,0),(2451,1,48.5982,'2018-05-31 23:07:45',1,NULL,-1,0,0),(2452,2,50.9074,'2018-05-31 23:07:45',1,NULL,-1,0,0),(2453,3,50.2473,'2018-05-31 23:07:45',1,NULL,-1,0,0),(2454,4,0.2978,'2018-05-31 23:07:45',1,NULL,-1,0,0),(2455,1,48.5982,'2018-05-31 23:07:50',1,NULL,-1,0,0),(2456,2,50.9074,'2018-05-31 23:07:50',1,NULL,-1,0,0),(2457,3,50.2473,'2018-05-31 23:07:50',1,NULL,-1,0,0),(2458,4,0.2978,'2018-05-31 23:07:50',1,NULL,-1,0,0),(2459,1,48.5982,'2018-05-31 23:07:55',1,NULL,-1,0,0),(2460,2,50.9074,'2018-05-31 23:07:55',1,NULL,-1,0,0),(2461,3,50.2473,'2018-05-31 23:07:55',1,NULL,-1,0,0),(2462,4,0.2978,'2018-05-31 23:07:56',1,NULL,-1,0,0),(2463,1,48.5982,'2018-05-31 23:08:00',1,NULL,-1,0,0),(2464,2,50.9074,'2018-05-31 23:08:00',1,NULL,-1,0,0),(2465,3,50.2473,'2018-05-31 23:08:01',1,NULL,-1,0,0),(2466,4,0.2978,'2018-05-31 23:08:01',1,NULL,-1,0,0),(2467,1,48.5982,'2018-05-31 23:08:05',1,NULL,-1,0,0),(2468,2,50.9074,'2018-05-31 23:08:06',1,NULL,-1,0,0),(2469,3,50.2473,'2018-05-31 23:08:06',1,NULL,-1,0,0),(2470,4,0.2978,'2018-05-31 23:08:06',1,NULL,-1,0,0),(2471,1,48.5982,'2018-05-31 23:08:11',1,NULL,-1,0,0),(2472,2,50.9074,'2018-05-31 23:08:11',1,NULL,-1,0,0),(2473,3,50.2473,'2018-05-31 23:08:11',1,NULL,-1,0,0),(2474,4,0.2978,'2018-05-31 23:08:11',1,NULL,-1,0,0),(2475,1,48.5982,'2018-05-31 23:08:16',1,NULL,-1,0,0),(2476,2,50.9074,'2018-05-31 23:08:16',1,NULL,-1,0,0),(2477,3,50.2473,'2018-05-31 23:08:16',1,NULL,-1,0,0),(2478,4,0.2978,'2018-05-31 23:08:16',1,NULL,-1,0,0),(2479,1,48.5982,'2018-05-31 23:08:21',1,NULL,-1,0,0),(2480,2,50.9074,'2018-05-31 23:08:21',1,NULL,-1,0,0),(2481,3,50.2473,'2018-05-31 23:08:21',1,NULL,-1,0,0),(2482,4,0.2978,'2018-05-31 23:08:21',1,NULL,-1,0,0),(2483,1,48.5982,'2018-05-31 23:08:26',1,NULL,-1,0,0),(2484,2,50.9074,'2018-05-31 23:08:26',1,NULL,-1,0,0),(2485,3,50.2473,'2018-05-31 23:08:26',1,NULL,-1,0,0),(2486,4,0.2978,'2018-05-31 23:08:26',1,NULL,-1,0,0),(2487,1,48.5982,'2018-05-31 23:08:31',1,NULL,-1,0,0),(2488,2,50.9074,'2018-05-31 23:08:31',1,NULL,-1,0,0),(2489,3,50.2473,'2018-05-31 23:08:31',1,NULL,-1,0,0),(2490,4,0.2978,'2018-05-31 23:08:31',1,NULL,-1,0,0),(2491,1,48.5982,'2018-05-31 23:08:36',1,NULL,-1,0,0),(2492,2,50.9074,'2018-05-31 23:08:36',1,NULL,-1,0,0),(2493,3,50.2473,'2018-05-31 23:08:36',1,NULL,-1,0,0),(2494,4,0.2978,'2018-05-31 23:08:36',1,NULL,-1,0,0),(2495,1,48.5982,'2018-05-31 23:08:41',1,NULL,-1,0,0),(2496,2,50.9074,'2018-05-31 23:08:41',1,NULL,-1,0,0),(2497,3,50.2473,'2018-05-31 23:08:41',1,NULL,-1,0,0),(2498,4,0.2978,'2018-05-31 23:08:41',1,NULL,-1,0,0),(2499,1,48.5982,'2018-05-31 23:08:46',1,NULL,-1,0,0),(2500,2,50.9074,'2018-05-31 23:08:46',1,NULL,-1,0,0),(2501,3,50.2473,'2018-05-31 23:08:46',1,NULL,-1,0,0),(2502,4,0.2978,'2018-05-31 23:08:46',1,NULL,-1,0,0),(2503,1,48.5982,'2018-05-31 23:08:51',1,NULL,-1,0,0),(2504,2,50.9074,'2018-05-31 23:08:51',1,NULL,-1,0,0),(2505,3,50.2473,'2018-05-31 23:08:51',1,NULL,-1,0,0),(2506,4,0.2978,'2018-05-31 23:08:51',1,NULL,-1,0,0),(2507,1,48.5982,'2018-05-31 23:08:56',1,NULL,-1,0,0),(2508,2,50.9074,'2018-05-31 23:08:56',1,NULL,-1,0,0),(2509,3,50.2473,'2018-05-31 23:08:56',1,NULL,-1,0,0),(2510,4,0.2978,'2018-05-31 23:08:56',1,NULL,-1,0,0),(2511,1,48.5982,'2018-05-31 23:09:01',1,NULL,-1,0,0),(2512,2,50.9074,'2018-05-31 23:09:01',1,NULL,-1,0,0),(2513,3,50.2473,'2018-05-31 23:09:01',1,NULL,-1,0,0),(2514,4,0.2978,'2018-05-31 23:09:02',1,NULL,-1,0,0),(2515,1,48.5982,'2018-05-31 23:09:06',1,NULL,-1,0,0),(2516,2,50.9074,'2018-05-31 23:09:06',1,NULL,-1,0,0),(2517,3,50.2473,'2018-05-31 23:09:07',1,NULL,-1,0,0),(2518,4,0.2978,'2018-05-31 23:09:07',1,NULL,-1,0,0),(2519,1,48.5982,'2018-05-31 23:09:11',1,NULL,-1,0,0),(2520,2,50.9074,'2018-05-31 23:09:12',1,NULL,-1,0,0),(2521,3,50.2473,'2018-05-31 23:09:12',1,NULL,-1,0,0),(2522,4,0.2978,'2018-05-31 23:09:12',1,NULL,-1,0,0),(2523,1,48.5982,'2018-05-31 23:09:17',1,NULL,-1,0,0),(2524,2,50.9074,'2018-05-31 23:09:17',1,NULL,-1,0,0),(2525,3,50.2473,'2018-05-31 23:09:17',1,NULL,-1,0,0),(2526,4,0.2978,'2018-05-31 23:09:17',1,NULL,-1,0,0),(2527,1,48.5982,'2018-05-31 23:09:22',1,NULL,-1,0,0),(2528,2,50.9074,'2018-05-31 23:09:22',1,NULL,-1,0,0),(2529,3,50.2473,'2018-05-31 23:09:22',1,NULL,-1,0,0),(2530,4,0.2978,'2018-05-31 23:09:22',1,NULL,-1,0,0),(2531,1,48.5982,'2018-05-31 23:09:27',1,NULL,-1,0,0),(2532,2,50.9074,'2018-05-31 23:09:27',1,NULL,-1,0,0),(2533,3,50.2473,'2018-05-31 23:09:27',1,NULL,-1,0,0),(2534,4,0.2978,'2018-05-31 23:09:27',1,NULL,-1,0,0),(2535,1,48.5982,'2018-05-31 23:09:32',1,NULL,-1,0,0),(2536,2,50.9074,'2018-05-31 23:09:32',1,NULL,-1,0,0),(2537,3,50.2473,'2018-05-31 23:09:32',1,NULL,-1,0,0),(2538,4,0.2978,'2018-05-31 23:09:32',1,NULL,-1,0,0),(2539,1,48.5982,'2018-05-31 23:09:37',1,NULL,-1,0,0),(2540,2,50.9074,'2018-05-31 23:09:37',1,NULL,-1,0,0),(2541,3,50.2473,'2018-05-31 23:09:37',1,NULL,-1,0,0),(2542,4,0.2978,'2018-05-31 23:09:37',1,NULL,-1,0,0),(2543,1,48.5982,'2018-05-31 23:09:42',1,NULL,-1,0,0),(2544,2,50.9074,'2018-05-31 23:09:42',1,NULL,-1,0,0),(2545,3,50.2473,'2018-05-31 23:09:42',1,NULL,-1,0,0),(2546,4,0.2978,'2018-05-31 23:09:42',1,NULL,-1,0,0),(2547,1,48.5982,'2018-05-31 23:09:47',1,NULL,-1,0,0),(2548,2,50.9074,'2018-05-31 23:09:47',1,NULL,-1,0,0),(2549,3,50.2473,'2018-05-31 23:09:47',1,NULL,-1,0,0),(2550,4,0.2978,'2018-05-31 23:09:47',1,NULL,-1,0,0),(2551,1,48.5982,'2018-05-31 23:09:52',1,NULL,-1,0,0),(2552,2,50.9074,'2018-05-31 23:09:52',1,NULL,-1,0,0),(2553,3,50.2473,'2018-05-31 23:09:52',1,NULL,-1,0,0),(2554,4,0.2978,'2018-05-31 23:09:52',1,NULL,-1,0,0),(2555,1,48.5982,'2018-05-31 23:09:57',1,NULL,-1,0,0),(2556,2,50.9074,'2018-05-31 23:09:57',1,NULL,-1,0,0),(2557,3,50.2473,'2018-05-31 23:09:57',1,NULL,-1,0,0),(2558,4,0.2978,'2018-05-31 23:09:57',1,NULL,-1,0,0),(2559,1,48.5982,'2018-05-31 23:10:02',1,NULL,-1,0,0),(2560,2,50.9074,'2018-05-31 23:10:02',1,NULL,-1,0,0),(2561,3,50.2473,'2018-05-31 23:10:02',1,NULL,-1,0,0),(2562,4,0.2978,'2018-05-31 23:10:02',1,NULL,-1,0,0),(2563,1,48.5982,'2018-05-31 23:10:07',1,NULL,-1,0,0),(2564,2,50.9074,'2018-05-31 23:10:07',1,NULL,-1,0,0),(2565,3,50.2473,'2018-05-31 23:10:07',1,NULL,-1,0,0),(2566,4,0.2978,'2018-05-31 23:10:08',1,NULL,-1,0,0),(2567,1,48.5982,'2018-05-31 23:10:12',1,NULL,-1,0,0),(2568,2,50.9074,'2018-05-31 23:10:12',1,NULL,-1,0,0),(2569,3,50.2473,'2018-05-31 23:10:13',1,NULL,-1,0,0),(2570,4,0.2978,'2018-05-31 23:10:13',1,NULL,-1,0,0),(2571,1,48.5982,'2018-05-31 23:10:17',1,NULL,-1,0,0),(2572,2,50.9074,'2018-05-31 23:10:18',1,NULL,-1,0,0),(2573,3,50.2473,'2018-05-31 23:10:18',1,NULL,-1,0,0),(2574,4,0.2978,'2018-05-31 23:10:18',1,NULL,-1,0,0),(2575,1,48.5982,'2018-05-31 23:10:23',1,NULL,-1,0,0),(2576,2,50.9074,'2018-05-31 23:10:23',1,NULL,-1,0,0),(2577,3,50.2473,'2018-05-31 23:10:23',1,NULL,-1,0,0),(2578,4,0.2978,'2018-05-31 23:10:23',1,NULL,-1,0,0),(2579,1,48.5982,'2018-05-31 23:10:28',1,NULL,-1,0,0),(2580,2,50.9074,'2018-05-31 23:10:28',1,NULL,-1,0,0),(2581,3,50.2473,'2018-05-31 23:10:28',1,NULL,-1,0,0),(2582,4,0.2978,'2018-05-31 23:10:28',1,NULL,-1,0,0),(2583,1,48.5982,'2018-05-31 23:10:33',1,NULL,-1,0,0),(2584,2,50.9074,'2018-05-31 23:10:33',1,NULL,-1,0,0),(2585,3,50.2473,'2018-05-31 23:10:33',1,NULL,-1,0,0),(2586,4,0.2978,'2018-05-31 23:10:33',1,NULL,-1,0,0),(2587,1,48.5982,'2018-05-31 23:10:38',1,NULL,-1,0,0),(2588,2,50.9074,'2018-05-31 23:10:38',1,NULL,-1,0,0),(2589,3,50.2473,'2018-05-31 23:10:38',1,NULL,-1,0,0),(2590,4,0.2978,'2018-05-31 23:10:38',1,NULL,-1,0,0),(2591,1,48.5982,'2018-05-31 23:10:43',1,NULL,-1,0,0),(2592,2,50.9074,'2018-05-31 23:10:43',1,NULL,-1,0,0),(2593,3,50.2473,'2018-05-31 23:10:43',1,NULL,-1,0,0),(2594,4,0.2978,'2018-05-31 23:10:43',1,NULL,-1,0,0),(2595,1,48.5982,'2018-05-31 23:10:48',1,NULL,-1,0,0),(2596,2,50.9074,'2018-05-31 23:10:48',1,NULL,-1,0,0),(2597,3,50.2473,'2018-05-31 23:10:48',1,NULL,-1,0,0),(2598,4,0.2978,'2018-05-31 23:10:48',1,NULL,-1,0,0),(2599,1,48.5982,'2018-05-31 23:10:53',1,NULL,-1,0,0),(2600,2,50.9074,'2018-05-31 23:10:53',1,NULL,-1,0,0),(2601,3,50.2473,'2018-05-31 23:10:53',1,NULL,-1,0,0),(2602,4,0.2978,'2018-05-31 23:10:53',1,NULL,-1,0,0),(2603,1,48.5982,'2018-05-31 23:10:58',1,NULL,-1,0,0),(2604,2,50.9074,'2018-05-31 23:10:58',1,NULL,-1,0,0),(2605,3,50.2473,'2018-05-31 23:10:58',1,NULL,-1,0,0),(2606,4,0.2978,'2018-05-31 23:10:58',1,NULL,-1,0,0),(2607,1,48.5982,'2018-05-31 23:11:03',1,NULL,-1,0,0),(2608,2,50.9074,'2018-05-31 23:11:03',1,NULL,-1,0,0),(2609,3,50.2473,'2018-05-31 23:11:03',1,NULL,-1,0,0),(2610,4,0.2978,'2018-05-31 23:11:03',1,NULL,-1,0,0),(2611,1,48.5982,'2018-05-31 23:11:08',1,NULL,-1,0,0),(2612,2,50.9074,'2018-05-31 23:11:08',1,NULL,-1,0,0),(2613,3,50.2473,'2018-05-31 23:11:08',1,NULL,-1,0,0),(2614,4,0.2978,'2018-05-31 23:11:09',1,NULL,-1,0,0),(2615,1,48.5982,'2018-05-31 23:11:13',1,NULL,-1,0,0),(2616,2,50.9074,'2018-05-31 23:11:13',1,NULL,-1,0,0),(2617,3,50.2473,'2018-05-31 23:11:14',1,NULL,-1,0,0),(2618,4,0.2978,'2018-05-31 23:11:14',1,NULL,-1,0,0),(2619,1,48.5982,'2018-05-31 23:11:19',1,NULL,-1,0,0),(2620,2,50.9074,'2018-05-31 23:11:19',1,NULL,-1,0,0),(2621,3,50.2473,'2018-05-31 23:11:19',1,NULL,-1,0,0),(2622,4,0.2978,'2018-05-31 23:11:19',1,NULL,-1,0,0),(2623,1,48.5982,'2018-05-31 23:11:24',1,NULL,-1,0,0),(2624,2,50.9074,'2018-05-31 23:11:24',1,NULL,-1,0,0),(2625,3,50.2473,'2018-05-31 23:11:24',1,NULL,-1,0,0),(2626,4,0.2978,'2018-05-31 23:11:24',1,NULL,-1,0,0),(2627,1,48.5982,'2018-05-31 23:11:29',1,NULL,-1,0,0),(2628,2,50.9074,'2018-05-31 23:11:29',1,NULL,-1,0,0),(2629,3,50.2473,'2018-05-31 23:11:29',1,NULL,-1,0,0),(2630,4,0.2978,'2018-05-31 23:11:29',1,NULL,-1,0,0),(2631,1,48.5982,'2018-05-31 23:11:34',1,NULL,-1,0,0),(2632,2,50.9074,'2018-05-31 23:11:34',1,NULL,-1,0,0),(2633,3,50.2473,'2018-05-31 23:11:34',1,NULL,-1,0,0),(2634,4,0.2978,'2018-05-31 23:11:34',1,NULL,-1,0,0),(2635,1,48.5982,'2018-05-31 23:11:39',1,NULL,-1,0,0),(2636,2,50.9074,'2018-05-31 23:11:39',1,NULL,-1,0,0),(2637,3,50.2473,'2018-05-31 23:11:39',1,NULL,-1,0,0),(2638,4,0.2978,'2018-05-31 23:11:39',1,NULL,-1,0,0),(2639,1,48.5982,'2018-05-31 23:11:44',1,NULL,-1,0,0),(2640,2,50.9074,'2018-05-31 23:11:44',1,NULL,-1,0,0),(2641,3,50.2473,'2018-05-31 23:11:44',1,NULL,-1,0,0),(2642,4,0.2978,'2018-05-31 23:11:44',1,NULL,-1,0,0),(2643,1,48.5982,'2018-05-31 23:11:49',1,NULL,-1,0,0),(2644,2,50.9074,'2018-05-31 23:11:49',1,NULL,-1,0,0),(2645,3,50.2473,'2018-05-31 23:11:49',1,NULL,-1,0,0),(2646,4,0.2978,'2018-05-31 23:11:49',1,NULL,-1,0,0),(2647,1,48.5982,'2018-05-31 23:11:54',1,NULL,-1,0,0),(2648,2,50.9074,'2018-05-31 23:11:54',1,NULL,-1,0,0),(2649,3,50.2473,'2018-05-31 23:11:54',1,NULL,-1,0,0),(2650,4,0.2978,'2018-05-31 23:11:54',1,NULL,-1,0,0);
/*!40000 ALTER TABLE `pokazanie` ENABLE KEYS */;
UNLOCK TABLES;

--
-- Table structure for table `shema`
--

DROP TABLE IF EXISTS `shema`;
/*!40101 SET @saved_cs_client     = @@character_set_client */;
/*!40101 SET character_set_client = utf8 */;
CREATE TABLE `shema` (
  `idshema` int(11) NOT NULL AUTO_INCREMENT,
  `fromx` int(11) NOT NULL,
  `fromy` int(11) NOT NULL,
  `tox` int(11) NOT NULL,
  `toy` int(11) NOT NULL,
  PRIMARY KEY (`idshema`)
) ENGINE=InnoDB AUTO_INCREMENT=5 DEFAULT CHARSET=utf8;
/*!40101 SET character_set_client = @saved_cs_client */;

--
-- Dumping data for table `shema`
--

LOCK TABLES `shema` WRITE;
/*!40000 ALTER TABLE `shema` DISABLE KEYS */;
INSERT INTO `shema` VALUES (1,5,600,80,600),(2,80,600,80,525),(3,80,525,5,525),(4,5,525,5,600);
/*!40000 ALTER TABLE `shema` ENABLE KEYS */;
UNLOCK TABLES;

--
-- Table structure for table `sostoianie`
--

DROP TABLE IF EXISTS `sostoianie`;
/*!40101 SET @saved_cs_client     = @@character_set_client */;
/*!40101 SET character_set_client = utf8 */;
CREATE TABLE `sostoianie` (
  `ID_sostoianie` int(11) NOT NULL,
  `Naimenovanie` varchar(64) NOT NULL,
  `Primechanie` longtext,
  PRIMARY KEY (`ID_sostoianie`)
) ENGINE=InnoDB DEFAULT CHARSET=utf8;
/*!40101 SET character_set_client = @saved_cs_client */;

--
-- Dumping data for table `sostoianie`
--

LOCK TABLES `sostoianie` WRITE;
/*!40000 ALTER TABLE `sostoianie` DISABLE KEYS */;
INSERT INTO `sostoianie` VALUES (0,'Исправен',NULL),(1,'Неисправен',NULL),(2,'Неизвестно',NULL);
/*!40000 ALTER TABLE `sostoianie` ENABLE KEYS */;
UNLOCK TABLES;

--
-- Table structure for table `stepen`
--

DROP TABLE IF EXISTS `stepen`;
/*!40101 SET @saved_cs_client     = @@character_set_client */;
/*!40101 SET character_set_client = utf8 */;
CREATE TABLE `stepen` (
  `ID_stepen` int(11) NOT NULL,
  `Opisanie` varchar(256) DEFAULT NULL,
  PRIMARY KEY (`ID_stepen`)
) ENGINE=InnoDB DEFAULT CHARSET=utf8;
/*!40101 SET character_set_client = @saved_cs_client */;

--
-- Dumping data for table `stepen`
--

LOCK TABLES `stepen` WRITE;
/*!40000 ALTER TABLE `stepen` DISABLE KEYS */;
/*!40000 ALTER TABLE `stepen` ENABLE KEYS */;
UNLOCK TABLES;
/*!40103 SET TIME_ZONE=@OLD_TIME_ZONE */;

/*!40101 SET SQL_MODE=@OLD_SQL_MODE */;
/*!40014 SET FOREIGN_KEY_CHECKS=@OLD_FOREIGN_KEY_CHECKS */;
/*!40014 SET UNIQUE_CHECKS=@OLD_UNIQUE_CHECKS */;
/*!40101 SET CHARACTER_SET_CLIENT=@OLD_CHARACTER_SET_CLIENT */;
/*!40101 SET CHARACTER_SET_RESULTS=@OLD_CHARACTER_SET_RESULTS */;
/*!40101 SET COLLATION_CONNECTION=@OLD_COLLATION_CONNECTION */;
/*!40111 SET SQL_NOTES=@OLD_SQL_NOTES */;

-- Dump completed on 2018-05-31 23:21:55
